slice_file_name,class
shift_55.wav,s
P_305.wav,P
M_299.wav,M
D_110.wav,D
O_494.wav,O
T_322.wav,T
Y_160.wav,Y
J_88.wav,J
C_168.wav,C
3_53.wav,3
U_98.wav,U
F_43.wav,F
Space_146.wav,S
O_110.wav,O
D_45.wav,D
9_66.wav,9
R_306.wav,R
F_273.wav,F
T_210.wav,T
R_293.wav,R
M_193.wav,M
Enter_208.wav,E
J_34.wav,J
V_229.wav,V
Q_284.wav,Q
J_285.wav,J
R_260.wav,R
Y_73.wav,Y
1_75.wav,1
T_314.wav,T
4_27.wav,4
C_15.wav,C
Z_213.wav,Z
G_129.wav,G
T_46.wav,T
W_209.wav,W
T_323.wav,T
L_227.wav,L
X_173.wav,X
W_313.wav,W
Space_216.wav,S
O_32.wav,O
V_114.wav,V
Space_202.wav,S
3_15.wav,3
F_155.wav,F
N_140.wav,N
W_132.wav,W
G_291.wav,G
W_201.wav,W
M_92.wav,M
K_89.wav,K
4_68.wav,4
F_283.wav,F
P_19.wav,P
9_78.wav,9
shift_19.wav,s
H_78.wav,H
J_292.wav,J
9_62.wav,9
Y_287.wav,Y
I_226.wav,I
2_31.wav,2
L_80.wav,L
L_112.wav,L
I_263.wav,I
J_288.wav,J
5_8.wav,5
G_192.wav,G
G_48.wav,G
A_118.wav,A
O_353.wav,O
R_341.wav,R
M_119.wav,M
R_286.wav,R
Y_314.wav,Y
E_217.wav,E
E_177.wav,E
O_51.wav,O
S_239.wav,S
G_194.wav,G
U_29.wav,U
J_37.wav,J
I_274.wav,I
X_46.wav,X
A_148.wav,A
Y_260.wav,Y
W_91.wav,W
T_271.wav,T
6_72.wav,6
L_15.wav,L
M_99.wav,M
P_127.wav,P
R_142.wav,R
5_70.wav,5
Y_170.wav,Y
R_49.wav,R
X_22.wav,X
9_87.wav,9
X_158.wav,X
V_282.wav,V
T_97.wav,T
S_7.wav,S
G_44.wav,G
6_27.wav,6
Z_58.wav,Z
R_128.wav,R
D_13.wav,D
F_142.wav,F
Y_342.wav,Y
M_228.wav,M
J_108.wav,J
U_171.wav,U
R_312.wav,R
3_58.wav,3
W_269.wav,W
L_125.wav,L
D_48.wav,D
8_10.wav,8
S_237.wav,S
C_45.wav,C
X_102.wav,X
back_86.wav,b
O_419.wav,O
C_135.wav,C
O_16.wav,O
R_380.wav,R
Y_309.wav,Y
2_32.wav,2
T_74.wav,T
H_281.wav,H
T_221.wav,T
Space_231.wav,S
U_101.wav,U
T_339.wav,T
M_234.wav,M
I_271.wav,I
C_276.wav,C
Z_232.wav,Z
S_19.wav,S
C_20.wav,C
V_16.wav,V
Z_50.wav,Z
Enter_53.wav,E
I_350.wav,I
M_199.wav,M
J_143.wav,J
1_73.wav,1
G_160.wav,G
W_56.wav,W
R_66.wav,R
0_29.wav,0
U_79.wav,U
back_47.wav,b
Y_321.wav,Y
7_103.wav,7
W_141.wav,W
E_6.wav,E
Q_318.wav,Q
3_16.wav,3
shift_57.wav,s
5_43.wav,5
S_1.wav,S
O_257.wav,O
U_78.wav,U
E_163.wav,E
L_185.wav,L
Space_144.wav,S
T_60.wav,T
V_180.wav,V
R_300.wav,R
Z_1.wav,Z
B_148.wav,B
V_208.wav,V
I_58.wav,I
W_32.wav,W
Q_224.wav,Q
R_126.wav,R
U_317.wav,U
F_41.wav,F
P_37.wav,P
J_149.wav,J
V_134.wav,V
7_67.wav,7
V_47.wav,V
Z_51.wav,Z
O_398.wav,O
O_143.wav,O
6_88.wav,6
G_282.wav,G
W_290.wav,W
V_228.wav,V
O_166.wav,O
B_181.wav,B
Z_284.wav,Z
0_61.wav,0
P_254.wav,P
shift_5.wav,s
Z_201.wav,Z
Space_133.wav,S
S_107.wav,S
H_176.wav,H
M_98.wav,M
V_82.wav,V
M_265.wav,M
F_109.wav,F
6_21.wav,6
V_252.wav,V
B_197.wav,B
8_12.wav,8
E_33.wav,E
O_66.wav,O
H_271.wav,H
K_46.wav,K
B_87.wav,B
C_143.wav,C
T_112.wav,T
O_43.wav,O
S_159.wav,S
V_249.wav,V
Y_312.wav,Y
9_34.wav,9
H_214.wav,H
D_291.wav,D
A_83.wav,A
D_200.wav,D
Z_106.wav,Z
Y_35.wav,Y
W_306.wav,W
I_148.wav,I
Enter_153.wav,E
L_19.wav,L
P_126.wav,P
A_238.wav,A
Q_47.wav,Q
Y_296.wav,Y
shift_58.wav,s
0_85.wav,0
M_59.wav,M
shift_53.wav,s
S_250.wav,S
E_191.wav,E
7_77.wav,7
9_33.wav,9
A_97.wav,A
W_285.wav,W
R_101.wav,R
H_22.wav,H
8_86.wav,8
M_24.wav,M
X_285.wav,X
J_54.wav,J
Z_182.wav,Z
C_212.wav,C
G_211.wav,G
0_27.wav,0
Q_243.wav,Q
L_279.wav,L
G_215.wav,G
G_197.wav,G
C_12.wav,C
B_229.wav,B
E_104.wav,E
Q_282.wav,Q
Q_36.wav,Q
Q_140.wav,Q
L_255.wav,L
Enter_162.wav,E
P_70.wav,P
G_228.wav,G
1_109.wav,1
Y_14.wav,Y
L_46.wav,L
5_52.wav,5
U_162.wav,U
P_276.wav,P
U_175.wav,U
O_131.wav,O
D_150.wav,D
Enter_33.wav,E
T_196.wav,T
U_144.wav,U
A_49.wav,A
W_68.wav,W
X_117.wav,X
Q_59.wav,Q
P_292.wav,P
Space_218.wav,S
M_69.wav,M
V_159.wav,V
L_167.wav,L
T_309.wav,T
T_233.wav,T
W_70.wav,W
U_235.wav,U
O_231.wav,O
V_9.wav,V
G_98.wav,G
Y_88.wav,Y
Y_212.wav,Y
Y_80.wav,Y
N_240.wav,N
Q_269.wav,Q
H_270.wav,H
R_159.wav,R
K_135.wav,K
Enter_25.wav,E
D_57.wav,D
O_362.wav,O
Z_253.wav,Z
O_199.wav,O
Space_33.wav,S
I_231.wav,I
B_74.wav,B
B_82.wav,B
Y_215.wav,Y
W_241.wav,W
5_46.wav,5
B_1.wav,B
Z_124.wav,Z
J_235.wav,J
G_68.wav,G
U_208.wav,U
L_74.wav,L
4_37.wav,4
L_39.wav,L
H_314.wav,H
1_47.wav,1
E_256.wav,E
3_11.wav,3
G_79.wav,G
O_329.wav,O
O_471.wav,O
W_129.wav,W
J_169.wav,J
H_96.wav,H
P_55.wav,P
R_90.wav,R
G_142.wav,G
9_69.wav,9
A_327.wav,A
R_253.wav,R
M_156.wav,M
M_269.wav,M
M_40.wav,M
X_262.wav,X
H_151.wav,H
R_9.wav,R
Enter_188.wav,E
R_356.wav,R
L_237.wav,L
O_144.wav,O
Enter_85.wav,E
G_143.wav,G
3_82.wav,3
S_244.wav,S
V_148.wav,V
Q_234.wav,Q
H_118.wav,H
K_6.wav,K
I_132.wav,I
Y_326.wav,Y
7_96.wav,7
7_18.wav,7
Enter_47.wav,E
X_293.wav,X
O_59.wav,O
6_92.wav,6
M_116.wav,M
V_62.wav,V
back_19.wav,b
X_188.wav,X
Z_152.wav,Z
Q_162.wav,Q
back_25.wav,b
B_9.wav,B
O_26.wav,O
D_295.wav,D
P_195.wav,P
G_162.wav,G
J_89.wav,J
U_185.wav,U
M_225.wav,M
9_95.wav,9
I_183.wav,I
3_8.wav,3
E_42.wav,E
M_230.wav,M
V_197.wav,V
V_99.wav,V
Space_58.wav,S
P_50.wav,P
F_292.wav,F
R_134.wav,R
J_98.wav,J
A_3.wav,A
R_111.wav,R
I_143.wav,I
R_103.wav,R
0_88.wav,0
P_294.wav,P
0_51.wav,0
Space_157.wav,S
Z_72.wav,Z
Y_124.wav,Y
G_275.wav,G
T_329.wav,T
G_137.wav,G
S_98.wav,S
Y_133.wav,Y
Q_214.wav,Q
back_34.wav,b
A_217.wav,A
A_200.wav,A
X_58.wav,X
B_111.wav,B
N_158.wav,N
R_381.wav,R
I_96.wav,I
O_73.wav,O
7_11.wav,7
Y_171.wav,Y
8_26.wav,8
J_170.wav,J
Y_248.wav,Y
G_66.wav,G
Z_222.wav,Z
H_146.wav,H
S_2.wav,S
8_8.wav,8
C_205.wav,C
N_122.wav,N
O_278.wav,O
T_25.wav,T
C_127.wav,C
T_138.wav,T
shift_84.wav,s
O_477.wav,O
H_152.wav,H
H_135.wav,H
9_94.wav,9
P_332.wav,P
9_91.wav,9
L_221.wav,L
4_21.wav,4
U_134.wav,U
F_200.wav,F
X_214.wav,X
5_25.wav,5
B_62.wav,B
N_15.wav,N
B_55.wav,B
shift_75.wav,s
M_117.wav,M
R_355.wav,R
8_97.wav,8
Y_156.wav,Y
V_28.wav,V
Z_189.wav,Z
S_135.wav,S
X_74.wav,X
N_175.wav,N
L_282.wav,L
T_78.wav,T
V_129.wav,V
H_147.wav,H
R_213.wav,R
5_1.wav,5
O_50.wav,O
F_229.wav,F
O_304.wav,O
X_37.wav,X
Enter_190.wav,E
B_48.wav,B
N_251.wav,N
1_46.wav,1
Y_60.wav,Y
5_75.wav,5
U_133.wav,U
O_366.wav,O
W_280.wav,W
Q_80.wav,Q
Z_97.wav,Z
8_75.wav,8
5_65.wav,5
P_138.wav,P
J_83.wav,J
C_261.wav,C
Q_256.wav,Q
K_101.wav,K
N_144.wav,N
J_245.wav,J
T_88.wav,T
A_159.wav,A
X_96.wav,X
Z_256.wav,Z
1_69.wav,1
Y_126.wav,Y
I_191.wav,I
T_283.wav,T
P_275.wav,P
H_159.wav,H
Z_19.wav,Z
F_139.wav,F
Q_334.wav,Q
K_48.wav,K
D_137.wav,D
S_116.wav,S
3_12.wav,3
R_5.wav,R
0_64.wav,0
D_166.wav,D
E_102.wav,E
U_333.wav,U
F_293.wav,F
Enter_31.wav,E
H_14.wav,H
U_2.wav,U
J_162.wav,J
A_205.wav,A
T_345.wav,T
L_191.wav,L
D_282.wav,D
A_94.wav,A
Space_114.wav,S
P_211.wav,P
X_103.wav,X
I_203.wav,I
L_132.wav,L
Z_157.wav,Z
X_82.wav,X
S_12.wav,S
C_297.wav,C
I_209.wav,I
H_154.wav,H
Z_194.wav,Z
G_72.wav,G
A_141.wav,A
C_307.wav,C
I_45.wav,I
back_66.wav,b
R_131.wav,R
C_27.wav,C
0_13.wav,0
X_44.wav,X
N_150.wav,N
I_11.wav,I
R_220.wav,R
A_303.wav,A
W_319.wav,W
3_10.wav,3
N_183.wav,N
B_228.wav,B
O_295.wav,O
I_190.wav,I
Space_88.wav,S
Q_185.wav,Q
M_255.wav,M
N_110.wav,N
X_76.wav,X
N_86.wav,N
Y_78.wav,Y
L_223.wav,L
P_153.wav,P
T_234.wav,T
J_120.wav,J
J_134.wav,J
L_256.wav,L
A_282.wav,A
E_115.wav,E
F_193.wav,F
D_96.wav,D
U_302.wav,U
8_18.wav,8
O_252.wav,O
W_271.wav,W
I_66.wav,I
O_190.wav,O
P_125.wav,P
S_235.wav,S
O_271.wav,O
F_203.wav,F
Z_41.wav,Z
J_138.wav,J
A_280.wav,A
Z_63.wav,Z
T_307.wav,T
U_154.wav,U
3_6.wav,3
Q_158.wav,Q
A_149.wav,A
9_57.wav,9
N_36.wav,N
6_81.wav,6
7_93.wav,7
H_103.wav,H
O_175.wav,O
E_111.wav,E
R_366.wav,R
T_215.wav,T
R_217.wav,R
U_109.wav,U
4_35.wav,4
J_29.wav,J
R_231.wav,R
S_40.wav,S
K_50.wav,K
M_282.wav,M
shift_29.wav,s
7_25.wav,7
7_8.wav,7
Z_134.wav,Z
T_75.wav,T
W_188.wav,W
U_176.wav,U
T_113.wav,T
X_35.wav,X
0_11.wav,0
G_77.wav,G
X_78.wav,X
N_195.wav,N
P_47.wav,P
R_99.wav,R
V_109.wav,V
O_507.wav,O
Z_164.wav,Z
U_264.wav,U
P_343.wav,P
K_91.wav,K
back_50.wav,b
X_54.wav,X
Q_204.wav,Q
P_215.wav,P
B_47.wav,B
A_23.wav,A
A_12.wav,A
A_121.wav,A
X_41.wav,X
Enter_258.wav,E
S_57.wav,S
V_40.wav,V
B_193.wav,B
back_98.wav,b
R_258.wav,R
S_87.wav,S
U_61.wav,U
D_297.wav,D
2_29.wav,2
T_368.wav,T
Enter_68.wav,E
U_296.wav,U
Y_39.wav,Y
T_317.wav,T
P_57.wav,P
Enter_81.wav,E
C_104.wav,C
P_45.wav,P
K_24.wav,K
S_13.wav,S
E_90.wav,E
Space_135.wav,S
C_255.wav,C
X_88.wav,X
M_51.wav,M
7_98.wav,7
Space_185.wav,S
E_175.wav,E
B_43.wav,B
V_178.wav,V
I_257.wav,I
I_138.wav,I
G_271.wav,G
Q_57.wav,Q
P_224.wav,P
5_91.wav,5
Q_316.wav,Q
U_54.wav,U
Space_28.wav,S
Enter_79.wav,E
M_180.wav,M
F_238.wav,F
7_95.wav,7
P_72.wav,P
Q_302.wav,Q
W_199.wav,W
H_177.wav,H
1_100.wav,1
Y_219.wav,Y
M_235.wav,M
R_37.wav,R
J_153.wav,J
V_92.wav,V
J_39.wav,J
S_88.wav,S
P_331.wav,P
W_135.wav,W
D_19.wav,D
N_18.wav,N
Z_277.wav,Z
2_47.wav,2
S_167.wav,S
0_58.wav,0
O_135.wav,O
U_128.wav,U
Z_98.wav,Z
N_34.wav,N
V_262.wav,V
S_136.wav,S
T_330.wav,T
U_120.wav,U
E_156.wav,E
Space_152.wav,S
5_41.wav,5
C_96.wav,C
D_244.wav,D
N_236.wav,N
P_185.wav,P
B_189.wav,B
J_161.wav,J
L_53.wav,L
T_355.wav,T
P_250.wav,P
7_21.wav,7
I_128.wav,I
Space_266.wav,S
Enter_15.wav,E
A_330.wav,A
E_3.wav,E
2_5.wav,2
O_215.wav,O
X_11.wav,X
shift_35.wav,s
Y_285.wav,Y
U_204.wav,U
Q_191.wav,Q
B_216.wav,B
Z_78.wav,Z
O_262.wav,O
Space_232.wav,S
Y_21.wav,Y
I_125.wav,I
Enter_83.wav,E
I_213.wav,I
W_51.wav,W
Y_240.wav,Y
M_258.wav,M
Enter_100.wav,E
P_302.wav,P
B_154.wav,B
Enter_103.wav,E
X_267.wav,X
K_20.wav,K
T_171.wav,T
H_277.wav,H
S_103.wav,S
Q_34.wav,Q
R_265.wav,R
Y_196.wav,Y
C_192.wav,C
S_193.wav,S
M_243.wav,M
Z_272.wav,Z
X_241.wav,X
O_299.wav,O
T_22.wav,T
U_119.wav,U
U_261.wav,U
N_132.wav,N
B_35.wav,B
Z_138.wav,Z
Y_7.wav,Y
A_6.wav,A
Q_207.wav,Q
C_184.wav,C
O_34.wav,O
F_100.wav,F
Q_30.wav,Q
K_19.wav,K
A_108.wav,A
R_394.wav,R
N_125.wav,N
G_226.wav,G
N_223.wav,N
H_244.wav,H
P_201.wav,P
L_139.wav,L
S_77.wav,S
M_102.wav,M
R_248.wav,R
Space_10.wav,S
H_111.wav,H
6_16.wav,6
D_120.wav,D
S_203.wav,S
K_64.wav,K
E_252.wav,E
R_129.wav,R
W_121.wav,W
E_158.wav,E
Space_95.wav,S
B_60.wav,B
S_94.wav,S
X_21.wav,X
Q_93.wav,Q
G_276.wav,G
J_154.wav,J
K_15.wav,K
P_64.wav,P
C_250.wav,C
F_145.wav,F
U_299.wav,U
E_19.wav,E
back_100.wav,b
P_46.wav,P
V_284.wav,V
Space_36.wav,S
W_109.wav,W
3_25.wav,3
G_136.wav,G
L_36.wav,L
Y_130.wav,Y
G_57.wav,G
O_168.wav,O
1_55.wav,1
J_265.wav,J
I_340.wav,I
N_224.wav,N
W_292.wav,W
O_113.wav,O
6_63.wav,6
shift_38.wav,s
T_242.wav,T
Y_320.wav,Y
X_84.wav,X
shift_88.wav,s
I_200.wav,I
Enter_92.wav,E
H_285.wav,H
S_118.wav,S
6_68.wav,6
M_252.wav,M
O_373.wav,O
D_119.wav,D
Space_124.wav,S
back_44.wav,b
Space_98.wav,S
P_184.wav,P
E_24.wav,E
5_76.wav,5
E_225.wav,E
C_196.wav,C
1_49.wav,1
Y_207.wav,Y
B_272.wav,B
L_159.wav,L
L_83.wav,L
I_164.wav,I
Enter_38.wav,E
D_107.wav,D
Z_113.wav,Z
A_212.wav,A
D_204.wav,D
M_25.wav,M
7_28.wav,7
A_335.wav,A
C_10.wav,C
W_254.wav,W
T_45.wav,T
B_163.wav,B
I_268.wav,I
Z_36.wav,Z
C_304.wav,C
4_19.wav,4
X_2.wav,X
S_212.wav,S
O_165.wav,O
E_201.wav,E
6_5.wav,6
P_246.wav,P
B_54.wav,B
C_220.wav,C
J_46.wav,J
Y_218.wav,Y
S_63.wav,S
V_269.wav,V
I_129.wav,I
R_11.wav,R
D_41.wav,D
D_50.wav,D
F_251.wav,F
F_58.wav,F
K_108.wav,K
G_178.wav,G
M_253.wav,M
J_1.wav,J
W_50.wav,W
E_186.wav,E
A_255.wav,A
9_21.wav,9
W_275.wav,W
B_210.wav,B
Space_99.wav,S
E_74.wav,E
O_261.wav,O
Z_292.wav,Z
E_11.wav,E
J_52.wav,J
Z_254.wav,Z
I_59.wav,I
V_74.wav,V
U_46.wav,U
L_182.wav,L
I_145.wav,I
I_206.wav,I
G_33.wav,G
Y_114.wav,Y
N_62.wav,N
D_211.wav,D
T_133.wav,T
D_218.wav,D
N_106.wav,N
O_456.wav,O
F_75.wav,F
R_138.wav,R
F_202.wav,F
B_284.wav,B
6_60.wav,6
G_139.wav,G
4_9.wav,4
1_86.wav,1
O_181.wav,O
Y_168.wav,Y
back_77.wav,b
A_308.wav,A
H_47.wav,H
3_60.wav,3
J_266.wav,J
back_65.wav,b
U_241.wav,U
G_63.wav,G
O_90.wav,O
D_43.wav,D
D_152.wav,D
G_294.wav,G
L_124.wav,L
Q_188.wav,Q
G_283.wav,G
7_72.wav,7
N_173.wav,N
O_10.wav,O
Space_142.wav,S
Space_46.wav,S
R_302.wav,R
N_201.wav,N
W_24.wav,W
N_165.wav,N
X_198.wav,X
S_108.wav,S
L_178.wav,L
Z_100.wav,Z
6_48.wav,6
Q_326.wav,Q
E_25.wav,E
O_296.wav,O
C_40.wav,C
O_396.wav,O
F_192.wav,F
X_171.wav,X
P_168.wav,P
Z_235.wav,Z
L_28.wav,L
F_284.wav,F
O_269.wav,O
M_161.wav,M
C_207.wav,C
B_120.wav,B
G_150.wav,G
H_17.wav,H
Z_223.wav,Z
R_384.wav,R
Enter_52.wav,E
1_52.wav,1
J_118.wav,J
8_76.wav,8
U_105.wav,U
L_181.wav,L
Q_75.wav,Q
I_146.wav,I
A_249.wav,A
F_259.wav,F
4_51.wav,4
H_41.wav,H
G_184.wav,G
H_10.wav,H
O_117.wav,O
Q_194.wav,Q
G_168.wav,G
V_201.wav,V
Z_218.wav,Z
P_231.wav,P
D_220.wav,D
E_172.wav,E
D_99.wav,D
Enter_4.wav,E
X_283.wav,X
Q_333.wav,Q
M_276.wav,M
Q_239.wav,Q
U_107.wav,U
L_92.wav,L
B_125.wav,B
T_262.wav,T
T_371.wav,T
F_249.wav,F
W_242.wav,W
G_302.wav,G
A_28.wav,A
back_70.wav,b
W_202.wav,W
N_249.wav,N
K_119.wav,K
S_51.wav,S
5_68.wav,5
V_121.wav,V
4_5.wav,4
O_253.wav,O
O_537.wav,O
0_68.wav,0
6_61.wav,6
Space_179.wav,S
O_118.wav,O
I_305.wav,I
N_255.wav,N
V_220.wav,V
Space_150.wav,S
Q_296.wav,Q
C_92.wav,C
4_73.wav,4
O_297.wav,O
C_214.wav,C
M_270.wav,M
T_374.wav,T
H_196.wav,H
I_286.wav,I
R_299.wav,R
C_80.wav,C
P_239.wav,P
Enter_167.wav,E
E_236.wav,E
P_350.wav,P
A_88.wav,A
S_163.wav,S
0_87.wav,0
D_54.wav,D
6_9.wav,6
N_225.wav,N
Z_45.wav,Z
G_304.wav,G
I_149.wav,I
C_38.wav,C
S_15.wav,S
W_207.wav,W
O_94.wav,O
9_2.wav,9
J_140.wav,J
J_58.wav,J
X_234.wav,X
F_216.wav,F
7_85.wav,7
3_33.wav,3
C_188.wav,C
Y_92.wav,Y
J_7.wav,J
W_233.wav,W
K_116.wav,K
O_346.wav,O
T_284.wav,T
X_269.wav,X
Space_91.wav,S
O_505.wav,O
A_135.wav,A
V_230.wav,V
J_3.wav,J
O_182.wav,O
U_248.wav,U
J_306.wav,J
U_76.wav,U
Y_9.wav,Y
C_81.wav,C
R_315.wav,R
I_39.wav,I
H_70.wav,H
P_6.wav,P
V_113.wav,V
Enter_22.wav,E
J_279.wav,J
A_84.wav,A
M_154.wav,M
Y_89.wav,Y
A_2.wav,A
N_24.wav,N
D_136.wav,D
B_105.wav,B
E_62.wav,E
A_127.wav,A
P_330.wav,P
C_259.wav,C
Enter_107.wav,E
G_262.wav,G
W_216.wav,W
G_61.wav,G
Y_217.wav,Y
1_40.wav,1
Space_57.wav,S
W_274.wav,W
Z_110.wav,Z
R_319.wav,R
E_34.wav,E
T_373.wav,T
R_343.wav,R
T_236.wav,T
U_141.wav,U
D_230.wav,D
0_69.wav,0
P_282.wav,P
F_76.wav,F
Z_93.wav,Z
O_84.wav,O
2_46.wav,2
0_30.wav,0
O_245.wav,O
Y_164.wav,Y
T_193.wav,T
W_318.wav,W
Z_208.wav,Z
F_239.wav,F
3_28.wav,3
C_68.wav,C
X_239.wav,X
U_36.wav,U
I_61.wav,I
5_81.wav,5
U_15.wav,U
D_228.wav,D
N_146.wav,N
X_195.wav,X
R_91.wav,R
Enter_245.wav,E
O_274.wav,O
E_30.wav,E
8_24.wav,8
8_68.wav,8
J_234.wav,J
J_60.wav,J
Space_17.wav,S
Enter_194.wav,E
5_29.wav,5
T_149.wav,T
R_30.wav,R
C_1.wav,C
O_421.wav,O
Q_260.wav,Q
J_179.wav,J
I_215.wav,I
S_194.wav,S
N_28.wav,N
Q_83.wav,Q
Z_299.wav,Z
2_49.wav,2
0_32.wav,0
E_101.wav,E
A_40.wav,A
C_105.wav,C
O_65.wav,O
I_171.wav,I
M_284.wav,M
F_16.wav,F
P_188.wav,P
O_219.wav,O
K_29.wav,K
6_85.wav,6
N_253.wav,N
W_230.wav,W
Y_20.wav,Y
Enter_23.wav,E
B_83.wav,B
7_71.wav,7
N_277.wav,N
S_205.wav,S
V_194.wav,V
I_118.wav,I
9_52.wav,9
N_17.wav,N
Enter_96.wav,E
6_73.wav,6
H_109.wav,H
V_44.wav,V
U_233.wav,U
G_146.wav,G
O_142.wav,O
Q_289.wav,Q
J_207.wav,J
B_26.wav,B
J_251.wav,J
A_206.wav,A
C_85.wav,C
P_122.wav,P
X_166.wav,X
Q_150.wav,Q
R_263.wav,R
0_25.wav,0
Y_74.wav,Y
S_90.wav,S
Z_276.wav,Z
N_133.wav,N
X_93.wav,X
U_21.wav,U
Y_261.wav,Y
X_91.wav,X
X_126.wav,X
3_68.wav,3
P_191.wav,P
R_361.wav,R
P_44.wav,P
B_252.wav,B
M_245.wav,M
A_290.wav,A
8_20.wav,8
W_196.wav,W
P_84.wav,P
M_291.wav,M
N_276.wav,N
Y_152.wav,Y
G_274.wav,G
I_301.wav,I
R_6.wav,R
H_140.wav,H
J_166.wav,J
V_166.wav,V
F_146.wav,F
back_26.wav,b
O_53.wav,O
P_222.wav,P
Q_156.wav,Q
3_45.wav,3
U_188.wav,U
H_87.wav,H
Space_7.wav,S
C_265.wav,C
L_50.wav,L
X_98.wav,X
C_126.wav,C
L_146.wav,L
B_244.wav,B
G_120.wav,G
P_204.wav,P
I_77.wav,I
W_145.wav,W
O_204.wav,O
T_8.wav,T
L_117.wav,L
H_48.wav,H
W_268.wav,W
J_212.wav,J
0_83.wav,0
E_18.wav,E
Space_76.wav,S
P_257.wav,P
Z_136.wav,Z
D_238.wav,D
T_272.wav,T
D_38.wav,D
U_206.wav,U
L_164.wav,L
Enter_126.wav,E
B_223.wav,B
G_67.wav,G
O_41.wav,O
C_285.wav,C
Space_159.wav,S
F_97.wav,F
S_100.wav,S
K_130.wav,K
X_95.wav,X
L_91.wav,L
D_93.wav,D
P_31.wav,P
U_10.wav,U
1_105.wav,1
Y_4.wav,Y
Z_216.wav,Z
Enter_138.wav,E
F_276.wav,F
R_60.wav,R
G_16.wav,G
U_131.wav,U
6_87.wav,6
U_242.wav,U
B_172.wav,B
J_27.wav,J
M_294.wav,M
X_284.wav,X
Y_167.wav,Y
D_178.wav,D
W_296.wav,W
W_295.wav,W
7_80.wav,7
O_244.wav,O
A_287.wav,A
M_209.wav,M
I_346.wav,I
Y_155.wav,Y
W_256.wav,W
I_327.wav,I
L_31.wav,L
F_8.wav,F
Y_41.wav,Y
L_93.wav,L
Space_63.wav,S
F_31.wav,F
Enter_137.wav,E
L_207.wav,L
A_320.wav,A
E_160.wav,E
D_275.wav,D
H_209.wav,H
S_164.wav,S
J_87.wav,J
M_41.wav,M
C_47.wav,C
M_21.wav,M
A_207.wav,A
W_312.wav,W
M_89.wav,M
D_97.wav,D
8_44.wav,8
V_253.wav,V
J_281.wav,J
H_269.wav,H
3_83.wav,3
R_347.wav,R
T_239.wav,T
A_124.wav,A
L_118.wav,L
A_355.wav,A
back_17.wav,b
V_61.wav,V
P_161.wav,P
M_126.wav,M
D_240.wav,D
Z_302.wav,Z
S_6.wav,S
E_254.wav,E
U_341.wav,U
A_192.wav,A
F_33.wav,F
I_332.wav,I
Q_250.wav,Q
Space_215.wav,S
W_194.wav,W
I_20.wav,I
R_116.wav,R
M_187.wav,M
1_13.wav,1
V_23.wav,V
X_57.wav,X
L_231.wav,L
Z_115.wav,Z
O_140.wav,O
H_192.wav,H
Space_189.wav,S
Y_268.wav,Y
N_168.wav,N
D_77.wav,D
R_93.wav,R
Space_96.wav,S
1_8.wav,1
N_57.wav,N
E_26.wav,E
B_157.wav,B
3_43.wav,3
M_10.wav,M
H_213.wav,H
U_59.wav,U
C_108.wav,C
1_61.wav,1
L_214.wav,L
I_169.wav,I
L_67.wav,L
C_11.wav,C
O_525.wav,O
D_171.wav,D
0_38.wav,0
Enter_97.wav,E
N_97.wav,N
U_28.wav,U
L_157.wav,L
1_20.wav,1
N_10.wav,N
Y_17.wav,Y
O_195.wav,O
Enter_6.wav,E
G_24.wav,G
E_264.wav,E
I_90.wav,I
O_202.wav,O
8_61.wav,8
C_118.wav,C
L_69.wav,L
G_242.wav,G
C_162.wav,C
Q_81.wav,Q
T_241.wav,T
X_204.wav,X
U_211.wav,U
Y_236.wav,Y
D_245.wav,D
Enter_207.wav,E
5_54.wav,5
9_59.wav,9
Space_102.wav,S
C_72.wav,C
J_241.wav,J
G_125.wav,G
O_203.wav,O
H_55.wav,H
F_244.wav,F
J_182.wav,J
C_288.wav,C
C_185.wav,C
U_340.wav,U
V_231.wav,V
A_252.wav,A
F_131.wav,F
H_228.wav,H
S_263.wav,S
S_124.wav,S
V_147.wav,V
Q_167.wav,Q
H_7.wav,H
D_73.wav,D
V_120.wav,V
O_267.wav,O
G_186.wav,G
G_202.wav,G
X_301.wav,X
X_258.wav,X
A_233.wav,A
X_112.wav,X
7_70.wav,7
N_229.wav,N
L_270.wav,L
R_198.wav,R
T_256.wav,T
9_51.wav,9
Q_315.wav,Q
O_201.wav,O
C_254.wav,C
Space_73.wav,S
G_305.wav,G
L_94.wav,L
S_79.wav,S
H_42.wav,H
S_133.wav,S
H_163.wav,H
R_160.wav,R
B_138.wav,B
Q_195.wav,Q
D_299.wav,D
Q_7.wav,Q
Space_258.wav,S
U_125.wav,U
4_62.wav,4
1_56.wav,1
1_88.wav,1
X_196.wav,X
B_183.wav,B
O_21.wav,O
E_174.wav,E
O_400.wav,O
A_276.wav,A
W_22.wav,W
Z_119.wav,Z
C_287.wav,C
C_69.wav,C
S_130.wav,S
7_87.wav,7
S_169.wav,S
Y_341.wav,Y
E_212.wav,E
Y_213.wav,Y
V_77.wav,V
I_250.wav,I
I_252.wav,I
D_235.wav,D
E_133.wav,E
H_63.wav,H
J_246.wav,J
A_27.wav,A
U_267.wav,U
J_195.wav,J
B_167.wav,B
H_91.wav,H
M_148.wav,M
P_293.wav,P
N_213.wav,N
K_22.wav,K
A_105.wav,A
R_155.wav,R
O_92.wav,O
A_104.wav,A
D_117.wav,D
M_162.wav,M
X_56.wav,X
P_223.wav,P
F_206.wav,F
0_95.wav,0
O_170.wav,O
8_36.wav,8
Y_233.wav,Y
A_166.wav,A
Q_105.wav,Q
Z_289.wav,Z
G_93.wav,G
C_112.wav,C
W_278.wav,W
5_20.wav,5
shift_87.wav,s
1_34.wav,1
Z_294.wav,Z
F_179.wav,F
K_128.wav,K
0_78.wav,0
N_243.wav,N
A_168.wav,A
I_291.wav,I
B_177.wav,B
J_116.wav,J
C_280.wav,C
X_172.wav,X
I_309.wav,I
C_311.wav,C
B_262.wav,B
I_85.wav,I
C_309.wav,C
U_285.wav,U
J_84.wav,J
P_104.wav,P
R_332.wav,R
F_294.wav,F
I_338.wav,I
Q_91.wav,Q
M_160.wav,M
I_306.wav,I
Z_88.wav,Z
Z_180.wav,Z
B_248.wav,B
O_331.wav,O
U_195.wav,U
N_263.wav,N
T_18.wav,T
L_274.wav,L
B_257.wav,B
S_85.wav,S
7_31.wav,7
I_34.wav,I
P_217.wav,P
T_44.wav,T
H_182.wav,H
S_146.wav,S
M_110.wav,M
3_13.wav,3
Q_127.wav,Q
0_72.wav,0
G_298.wav,G
X_17.wav,X
A_329.wav,A
O_29.wav,O
M_134.wav,M
P_194.wav,P
H_73.wav,H
G_239.wav,G
Space_113.wav,S
Q_232.wav,Q
S_84.wav,S
R_273.wav,R
S_96.wav,S
P_251.wav,P
O_238.wav,O
Y_182.wav,Y
E_32.wav,E
3_32.wav,3
W_65.wav,W
T_369.wav,T
9_14.wav,9
K_56.wav,K
I_158.wav,I
R_344.wav,R
U_199.wav,U
3_48.wav,3
R_193.wav,R
P_39.wav,P
shift_16.wav,s
Q_237.wav,Q
M_257.wav,M
shift_70.wav,s
back_89.wav,b
D_221.wav,D
W_212.wav,W
Y_26.wav,Y
K_68.wav,K
R_205.wav,R
C_272.wav,C
B_121.wav,B
R_238.wav,R
C_78.wav,C
N_103.wav,N
3_30.wav,3
T_273.wav,T
V_234.wav,V
E_245.wav,E
B_33.wav,B
H_201.wav,H
A_133.wav,A
back_29.wav,b
P_170.wav,P
4_10.wav,4
N_20.wav,N
X_238.wav,X
P_308.wav,P
C_125.wav,C
O_120.wav,O
R_392.wav,R
C_18.wav,C
O_136.wav,O
A_96.wav,A
T_137.wav,T
E_97.wav,E
9_41.wav,9
L_5.wav,L
S_17.wav,S
0_47.wav,0
2_35.wav,2
P_245.wav,P
W_67.wav,W
O_508.wav,O
L_14.wav,L
U_64.wav,U
Z_186.wav,Z
R_211.wav,R
F_191.wav,F
K_62.wav,K
H_199.wav,H
D_18.wav,D
B_203.wav,B
O_282.wav,O
Q_123.wav,Q
I_41.wav,I
8_48.wav,8
B_32.wav,B
U_44.wav,U
O_161.wav,O
W_14.wav,W
D_195.wav,D
G_176.wav,G
E_196.wav,E
R_370.wav,R
Enter_1.wav,E
J_286.wav,J
T_328.wav,T
H_174.wav,H
F_25.wav,F
N_101.wav,N
D_201.wav,D
S_144.wav,S
G_89.wav,G
M_127.wav,M
Z_76.wav,Z
T_376.wav,T
4_54.wav,4
O_486.wav,O
M_236.wav,M
P_87.wav,P
K_102.wav,K
M_71.wav,M
G_2.wav,G
I_210.wav,I
U_178.wav,U
H_59.wav,H
1_60.wav,1
F_136.wav,F
P_80.wav,P
O_259.wav,O
O_446.wav,O
U_90.wav,U
P_337.wav,P
E_65.wav,E
P_236.wav,P
8_11.wav,8
W_82.wav,W
back_60.wav,b
V_18.wav,V
G_104.wav,G
Enter_13.wav,E
F_253.wav,F
9_17.wav,9
P_110.wav,P
2_20.wav,2
R_115.wav,R
N_51.wav,N
E_202.wav,E
Z_111.wav,Z
J_78.wav,J
R_145.wav,R
P_315.wav,P
L_65.wav,L
W_35.wav,W
O_325.wav,O
C_180.wav,C
7_48.wav,7
1_31.wav,1
E_38.wav,E
X_94.wav,X
D_34.wav,D
I_280.wav,I
D_206.wav,D
C_110.wav,C
N_108.wav,N
H_207.wav,H
8_74.wav,8
G_119.wav,G
N_197.wav,N
Space_213.wav,S
N_61.wav,N
Q_111.wav,Q
4_3.wav,4
W_335.wav,W
T_13.wav,T
T_252.wav,T
5_14.wav,5
M_184.wav,M
C_74.wav,C
F_307.wav,F
C_239.wav,C
V_27.wav,V
F_130.wav,F
Z_53.wav,Z
9_19.wav,9
H_133.wav,H
Y_93.wav,Y
K_61.wav,K
G_235.wav,G
I_223.wav,I
N_170.wav,N
V_255.wav,V
Z_244.wav,Z
M_201.wav,M
X_163.wav,X
0_50.wav,0
0_5.wav,0
D_226.wav,D
A_103.wav,A
P_130.wav,P
J_225.wav,J
U_82.wav,U
S_179.wav,S
3_27.wav,3
D_234.wav,D
E_15.wav,E
T_37.wav,T
Q_267.wav,Q
B_21.wav,B
H_261.wav,H
Space_53.wav,S
Space_143.wav,S
H_251.wav,H
P_142.wav,P
O_426.wav,O
E_234.wav,E
L_20.wav,L
P_128.wav,P
N_48.wav,N
R_47.wav,R
Enter_30.wav,E
P_154.wav,P
W_71.wav,W
A_273.wav,A
9_93.wav,9
B_78.wav,B
R_244.wav,R
S_227.wav,S
Q_41.wav,Q
I_64.wav,I
T_140.wav,T
I_297.wav,I
Space_104.wav,S
Space_201.wav,S
X_278.wav,X
H_56.wav,H
R_63.wav,R
B_123.wav,B
I_281.wav,I
B_191.wav,B
I_84.wav,I
4_42.wav,4
Enter_171.wav,E
W_229.wav,W
B_178.wav,B
O_487.wav,O
I_354.wav,I
X_186.wav,X
I_242.wav,I
Enter_95.wav,E
X_164.wav,X
T_206.wav,T
W_262.wav,W
4_16.wav,4
W_69.wav,W
P_92.wav,P
S_21.wav,S
A_187.wav,A
Y_273.wav,Y
Enter_14.wav,E
W_4.wav,W
A_334.wav,A
Enter_72.wav,E
N_142.wav,N
A_45.wav,A
8_42.wav,8
Z_21.wav,Z
I_71.wav,I
D_196.wav,D
F_291.wav,F
W_277.wav,W
A_110.wav,A
W_100.wav,W
G_6.wav,G
B_194.wav,B
Q_130.wav,Q
J_56.wav,J
8_87.wav,8
X_305.wav,X
F_23.wav,F
I_343.wav,I
Enter_19.wav,E
H_289.wav,H
I_100.wav,I
I_82.wav,I
5_58.wav,5
C_122.wav,C
I_30.wav,I
Q_332.wav,Q
Y_313.wav,Y
X_69.wav,X
N_23.wav,N
P_74.wav,P
V_43.wav,V
E_55.wav,E
P_320.wav,P
3_18.wav,3
S_106.wav,S
Y_220.wav,Y
A_259.wav,A
U_190.wav,U
D_36.wav,D
D_212.wav,D
Z_212.wav,Z
0_101.wav,0
7_88.wav,7
S_266.wav,S
A_74.wav,A
I_265.wav,I
L_58.wav,L
I_251.wav,I
F_267.wav,F
D_66.wav,D
J_271.wav,J
T_224.wav,T
G_224.wav,G
T_76.wav,T
Y_226.wav,Y
Z_65.wav,Z
Enter_74.wav,E
W_343.wav,W
U_70.wav,U
M_215.wav,M
O_336.wav,O
E_125.wav,E
L_137.wav,L
H_239.wav,H
4_74.wav,4
Space_233.wav,S
A_93.wav,A
M_46.wav,M
back_41.wav,b
9_76.wav,9
O_504.wav,O
B_80.wav,B
X_203.wav,X
U_31.wav,U
U_315.wav,U
Z_146.wav,Z
M_43.wav,M
0_86.wav,0
S_91.wav,S
G_94.wav,G
5_16.wav,5
N_153.wav,N
E_173.wav,E
1_1.wav,1
0_92.wav,0
I_196.wav,I
Y_179.wav,Y
T_270.wav,T
J_105.wav,J
F_290.wav,F
5_60.wav,5
6_89.wav,6
7_66.wav,7
A_161.wav,A
S_142.wav,S
Enter_151.wav,E
O_343.wav,O
Q_23.wav,Q
G_113.wav,G
5_7.wav,5
D_273.wav,D
W_59.wav,W
Enter_133.wav,E
1_6.wav,1
T_187.wav,T
Enter_21.wav,E
T_324.wav,T
O_427.wav,O
back_93.wav,b
U_159.wav,U
O_210.wav,O
B_2.wav,B
N_33.wav,N
F_282.wav,F
I_56.wav,I
E_29.wav,E
S_260.wav,S
E_152.wav,E
O_377.wav,O
V_272.wav,V
E_171.wav,E
V_215.wav,V
W_42.wav,W
T_216.wav,T
J_19.wav,J
back_27.wav,b
A_112.wav,A
G_135.wav,G
V_214.wav,V
X_259.wav,X
I_221.wav,I
S_269.wav,S
D_143.wav,D
E_7.wav,E
X_38.wav,X
1_18.wav,1
8_85.wav,8
M_190.wav,M
G_265.wav,G
7_50.wav,7
Q_114.wav,Q
X_261.wav,X
E_94.wav,E
W_28.wav,W
W_334.wav,W
U_49.wav,U
O_375.wav,O
F_198.wav,F
C_142.wav,C
Enter_226.wav,E
6_70.wav,6
8_58.wav,8
Space_229.wav,S
X_182.wav,X
8_55.wav,8
I_98.wav,I
Y_311.wav,Y
P_20.wav,P
W_130.wav,W
X_161.wav,X
U_147.wav,U
V_144.wav,V
C_177.wav,C
S_83.wav,S
Space_193.wav,S
U_65.wav,U
H_178.wav,H
I_180.wav,I
L_260.wav,L
Y_120.wav,Y
3_14.wav,3
L_68.wav,L
Q_55.wav,Q
H_134.wav,H
J_247.wav,J
T_231.wav,T
D_289.wav,D
shift_36.wav,s
W_66.wav,W
U_231.wav,U
U_310.wav,U
H_165.wav,H
U_203.wav,U
Enter_179.wav,E
V_223.wav,V
Space_27.wav,S
C_102.wav,C
1_71.wav,1
Space_74.wav,S
E_197.wav,E
F_245.wav,F
J_248.wav,J
S_209.wav,S
J_254.wav,J
Q_236.wav,Q
J_280.wav,J
H_249.wav,H
back_78.wav,b
3_62.wav,3
back_91.wav,b
Z_193.wav,Z
N_4.wav,N
A_226.wav,A
Y_113.wav,Y
I_238.wav,I
Q_310.wav,Q
D_158.wav,D
P_149.wav,P
N_215.wav,N
A_64.wav,A
Z_161.wav,Z
I_241.wav,I
D_111.wav,D
1_96.wav,1
Q_168.wav,Q
P_349.wav,P
D_277.wav,D
U_179.wav,U
P_52.wav,P
N_181.wav,N
S_248.wav,S
X_302.wav,X
G_167.wav,G
D_213.wav,D
N_124.wav,N
C_227.wav,C
E_69.wav,E
1_41.wav,1
F_180.wav,F
F_46.wav,F
Z_293.wav,Z
K_36.wav,K
S_197.wav,S
Y_288.wav,Y
Z_209.wav,Z
U_311.wav,U
G_267.wav,G
O_55.wav,O
S_192.wav,S
8_19.wav,8
X_100.wav,X
B_219.wav,B
G_132.wav,G
6_95.wav,6
V_158.wav,V
M_179.wav,M
Q_25.wav,Q
6_12.wav,6
Y_221.wav,Y
I_44.wav,I
O_364.wav,O
W_231.wav,W
I_331.wav,I
K_21.wav,K
K_90.wav,K
V_186.wav,V
K_87.wav,K
shift_40.wav,s
R_360.wav,R
K_80.wav,K
S_271.wav,S
7_17.wav,7
T_370.wav,T
F_12.wav,F
H_54.wav,H
D_104.wav,D
M_170.wav,M
Q_197.wav,Q
R_39.wav,R
H_235.wav,H
F_90.wav,F
R_378.wav,R
back_8.wav,b
G_45.wav,G
P_66.wav,P
Z_260.wav,Z
W_255.wav,W
A_325.wav,A
P_150.wav,P
R_86.wav,R
T_173.wav,T
O_517.wav,O
H_211.wav,H
E_266.wav,E
B_91.wav,B
7_34.wav,7
D_276.wav,D
R_59.wav,R
I_18.wav,I
A_59.wav,A
C_60.wav,C
X_211.wav,X
E_91.wav,E
Q_276.wav,Q
P_173.wav,P
shift_15.wav,s
D_247.wav,D
D_118.wav,D
V_128.wav,V
O_264.wav,O
D_194.wav,D
Space_50.wav,S
6_86.wav,6
T_84.wav,T
4_64.wav,4
0_1.wav,0
Y_96.wav,Y
E_231.wav,E
W_263.wav,W
L_134.wav,L
I_114.wav,I
F_262.wav,F
L_273.wav,L
I_222.wav,I
M_9.wav,M
Y_161.wav,Y
3_20.wav,3
V_131.wav,V
U_72.wav,U
5_24.wav,5
Enter_117.wav,E
Y_208.wav,Y
R_24.wav,R
2_9.wav,2
W_323.wav,W
W_127.wav,W
P_12.wav,P
Q_331.wav,Q
Space_154.wav,S
I_170.wav,I
A_143.wav,A
back_63.wav,b
T_47.wav,T
X_114.wav,X
E_56.wav,E
N_76.wav,N
H_172.wav,H
N_226.wav,N
A_186.wav,A
Space_55.wav,S
Enter_144.wav,E
W_40.wav,W
P_97.wav,P
Space_3.wav,S
A_43.wav,A
G_287.wav,G
T_64.wav,T
P_83.wav,P
F_279.wav,F
M_87.wav,M
0_81.wav,0
Y_255.wav,Y
G_101.wav,G
B_168.wav,B
Space_151.wav,S
W_75.wav,W
1_48.wav,1
V_49.wav,V
G_5.wav,G
D_91.wav,D
U_32.wav,U
4_14.wav,4
L_239.wav,L
T_223.wav,T
V_30.wav,V
Space_79.wav,S
G_140.wav,G
D_78.wav,D
M_90.wav,M
O_273.wav,O
U_68.wav,U
6_54.wav,6
M_18.wav,M
P_63.wav,P
K_77.wav,K
E_120.wav,E
G_84.wav,G
A_140.wav,A
Q_66.wav,Q
K_49.wav,K
C_298.wav,C
X_28.wav,X
Y_101.wav,Y
D_124.wav,D
Space_72.wav,S
F_228.wav,F
A_196.wav,A
R_192.wav,R
T_279.wav,T
G_268.wav,G
B_238.wav,B
O_40.wav,O
B_53.wav,B
F_222.wav,F
Space_43.wav,S
5_80.wav,5
R_165.wav,R
9_6.wav,9
B_206.wav,B
A_37.wav,A
P_247.wav,P
D_127.wav,D
X_147.wav,X
N_93.wav,N
C_93.wav,C
D_98.wav,D
back_9.wav,b
A_222.wav,A
A_198.wav,A
A_300.wav,A
7_4.wav,7
I_287.wav,I
P_177.wav,P
B_174.wav,B
X_101.wav,X
I_12.wav,I
Q_186.wav,Q
U_143.wav,U
W_238.wav,W
8_31.wav,8
V_205.wav,V
M_128.wav,M
1_22.wav,1
B_165.wav,B
R_245.wav,R
5_44.wav,5
W_122.wav,W
1_68.wav,1
H_81.wav,H
J_198.wav,J
W_328.wav,W
G_200.wav,G
Enter_119.wav,E
O_268.wav,O
7_6.wav,7
S_170.wav,S
Q_261.wav,Q
N_91.wav,N
G_111.wav,G
G_14.wav,G
O_22.wav,O
Q_106.wav,Q
F_225.wav,F
V_56.wav,V
B_161.wav,B
L_150.wav,L
E_126.wav,E
Z_199.wav,Z
O_461.wav,O
M_86.wav,M
U_327.wav,U
0_36.wav,0
M_48.wav,M
E_267.wav,E
T_288.wav,T
Z_153.wav,Z
A_211.wav,A
O_23.wav,O
Space_204.wav,S
4_63.wav,4
L_149.wav,L
U_263.wav,U
P_183.wav,P
Space_109.wav,S
D_33.wav,D
F_5.wav,F
O_404.wav,O
J_66.wav,J
O_459.wav,O
M_77.wav,M
Y_145.wav,Y
N_172.wav,N
Y_91.wav,Y
D_10.wav,D
U_123.wav,U
Q_273.wav,Q
N_219.wav,N
W_210.wav,W
E_88.wav,E
Enter_34.wav,E
K_11.wav,K
6_28.wav,6
Z_64.wav,Z
A_284.wav,A
X_14.wav,X
E_185.wav,E
S_147.wav,S
shift_82.wav,s
7_100.wav,7
U_84.wav,U
8_96.wav,8
S_56.wav,S
Q_108.wav,Q
O_484.wav,O
V_248.wav,V
U_16.wav,U
T_222.wav,T
V_132.wav,V
N_210.wav,N
9_35.wav,9
F_68.wav,F
T_2.wav,T
T_102.wav,T
W_291.wav,W
F_54.wav,F
back_12.wav,b
O_251.wav,O
F_271.wav,F
W_5.wav,W
V_111.wav,V
S_232.wav,S
F_207.wav,F
B_158.wav,B
F_168.wav,F
T_253.wav,T
U_192.wav,U
A_283.wav,A
M_281.wav,M
X_252.wav,X
Space_256.wav,S
L_175.wav,L
6_80.wav,6
O_440.wav,O
T_67.wav,T
G_188.wav,G
6_39.wav,6
P_189.wav,P
V_130.wav,V
P_5.wav,P
N_217.wav,N
I_136.wav,I
H_252.wav,H
I_182.wav,I
F_92.wav,F
P_24.wav,P
S_48.wav,S
X_80.wav,X
N_65.wav,N
O_518.wav,O
X_254.wav,X
Space_123.wav,S
P_86.wav,P
S_71.wav,S
H_264.wav,H
B_97.wav,B
N_26.wav,N
Enter_165.wav,E
N_52.wav,N
O_54.wav,O
R_327.wav,R
O_510.wav,O
G_307.wav,G
Space_155.wav,S
A_77.wav,A
J_290.wav,J
H_216.wav,H
X_146.wav,X
T_204.wav,T
L_236.wav,L
O_155.wav,O
X_192.wav,X
back_58.wav,b
H_313.wav,H
X_177.wav,X
P_174.wav,P
H_170.wav,H
P_314.wav,P
Q_292.wav,Q
O_442.wav,O
P_303.wav,P
R_191.wav,R
I_154.wav,I
R_139.wav,R
T_104.wav,T
Q_164.wav,Q
S_92.wav,S
O_428.wav,O
Enter_206.wav,E
P_253.wav,P
O_260.wav,O
M_96.wav,M
W_131.wav,W
W_137.wav,W
C_303.wav,C
E_45.wav,E
Y_69.wav,Y
O_313.wav,O
O_78.wav,O
Q_187.wav,Q
C_82.wav,C
L_35.wav,L
V_226.wav,V
X_106.wav,X
O_220.wav,O
B_25.wav,B
6_24.wav,6
W_309.wav,W
Q_228.wav,Q
L_51.wav,L
P_109.wav,P
6_83.wav,6
7_47.wav,7
W_160.wav,W
C_257.wav,C
B_267.wav,B
L_209.wav,L
9_20.wav,9
M_14.wav,M
O_350.wav,O
U_163.wav,U
Enter_199.wav,E
M_58.wav,M
Enter_98.wav,E
M_103.wav,M
F_9.wav,F
U_183.wav,U
O_213.wav,O
F_243.wav,F
I_35.wav,I
Space_20.wav,S
Space_94.wav,S
W_74.wav,W
P_325.wav,P
U_151.wav,U
O_85.wav,O
U_135.wav,U
D_155.wav,D
U_295.wav,U
B_113.wav,B
D_90.wav,D
P_307.wav,P
S_14.wav,S
O_393.wav,O
A_235.wav,A
A_323.wav,A
U_89.wav,U
X_213.wav,X
X_289.wav,X
D_296.wav,D
G_299.wav,G
I_147.wav,I
X_157.wav,X
X_286.wav,X
U_245.wav,U
G_82.wav,G
Y_174.wav,Y
J_141.wav,J
Y_299.wav,Y
C_296.wav,C
M_136.wav,M
I_102.wav,I
9_63.wav,9
C_113.wav,C
F_6.wav,F
shift_14.wav,s
U_97.wav,U
Y_298.wav,Y
S_187.wav,S
Enter_86.wav,E
A_145.wav,A
U_85.wav,U
L_226.wav,L
J_70.wav,J
T_362.wav,T
J_277.wav,J
P_90.wav,P
E_237.wav,E
Z_274.wav,Z
M_231.wav,M
I_172.wav,I
8_9.wav,8
Z_229.wav,Z
0_37.wav,0
A_125.wav,A
Z_231.wav,Z
Q_247.wav,Q
R_321.wav,R
Y_286.wav,Y
C_150.wav,C
M_298.wav,M
Z_28.wav,Z
I_88.wav,I
B_255.wav,B
U_300.wav,U
M_166.wav,M
B_243.wav,B
M_196.wav,M
I_122.wav,I
W_338.wav,W
F_165.wav,F
L_114.wav,L
X_165.wav,X
R_80.wav,R
T_342.wav,T
shift_71.wav,s
4_18.wav,4
9_89.wav,9
Y_214.wav,Y
E_109.wav,E
J_104.wav,J
I_74.wav,I
V_32.wav,V
D_68.wav,D
P_156.wav,P
W_2.wav,W
Z_121.wav,Z
D_285.wav,D
B_14.wav,B
Space_191.wav,S
7_36.wav,7
R_259.wav,R
P_78.wav,P
J_150.wav,J
W_23.wav,W
6_71.wav,6
Enter_158.wav,E
N_247.wav,N
H_287.wav,H
1_79.wav,1
P_229.wav,P
X_130.wav,X
3_22.wav,3
L_127.wav,L
G_252.wav,G
U_249.wav,U
9_53.wav,9
K_97.wav,K
R_308.wav,R
U_60.wav,U
S_143.wav,S
J_147.wav,J
9_54.wav,9
I_244.wav,I
D_198.wav,D
U_277.wav,U
Enter_12.wav,E
W_327.wav,W
O_407.wav,O
L_225.wav,L
O_338.wav,O
G_60.wav,G
K_112.wav,K
Q_99.wav,Q
S_196.wav,S
M_302.wav,M
L_211.wav,L
K_40.wav,K
Q_133.wav,Q
shift_51.wav,s
T_257.wav,T
Space_106.wav,S
A_258.wav,A
W_224.wav,W
U_38.wav,U
5_40.wav,5
Enter_20.wav,E
P_85.wav,P
3_79.wav,3
7_32.wav,7
C_84.wav,C
I_201.wav,I
S_72.wav,S
O_277.wav,O
C_160.wav,C
S_122.wav,S
W_215.wav,W
Z_210.wav,Z
I_165.wav,I
L_153.wav,L
U_157.wav,U
Enter_9.wav,E
S_34.wav,S
Y_307.wav,Y
back_21.wav,b
B_169.wav,B
Enter_211.wav,E
V_266.wav,V
X_200.wav,X
V_209.wav,V
F_205.wav,F
Q_304.wav,Q
S_4.wav,S
H_200.wav,H
3_19.wav,3
Y_205.wav,Y
2_13.wav,2
F_3.wav,F
A_266.wav,A
I_285.wav,I
X_36.wav,X
Space_164.wav,S
M_112.wav,M
Z_261.wav,Z
O_81.wav,O
Space_265.wav,S
W_1.wav,W
I_126.wav,I
M_130.wav,M
5_4.wav,5
N_244.wav,N
I_105.wav,I
Z_305.wav,Z
Enter_252.wav,E
A_348.wav,A
X_90.wav,X
F_141.wav,F
J_44.wav,J
Y_206.wav,Y
Enter_168.wav,E
S_28.wav,S
C_73.wav,C
C_97.wav,C
H_292.wav,H
S_173.wav,S
I_103.wav,I
R_267.wav,R
6_22.wav,6
C_266.wav,C
J_47.wav,J
X_65.wav,X
Space_48.wav,S
W_340.wav,W
9_83.wav,9
B_175.wav,B
H_188.wav,H
R_210.wav,R
L_144.wav,L
X_237.wav,X
S_49.wav,S
3_77.wav,3
F_309.wav,F
P_221.wav,P
S_176.wav,S
L_155.wav,L
Enter_255.wav,E
J_26.wav,J
A_95.wav,A
V_67.wav,V
F_313.wav,F
Z_38.wav,Z
C_144.wav,C
Enter_70.wav,E
I_60.wav,I
A_131.wav,A
J_122.wav,J
V_124.wav,V
R_305.wav,R
Enter_61.wav,E
4_22.wav,4
I_69.wav,I
T_249.wav,T
X_287.wav,X
Space_195.wav,S
shift_61.wav,s
F_212.wav,F
9_5.wav,9
H_315.wav,H
I_163.wav,I
U_161.wav,U
X_235.wav,X
R_120.wav,R
B_232.wav,B
K_132.wav,K
Q_122.wav,Q
F_53.wav,F
C_305.wav,C
F_140.wav,F
L_1.wav,L
Enter_241.wav,E
7_62.wav,7
J_142.wav,J
M_149.wav,M
P_255.wav,P
V_211.wav,V
Space_115.wav,S
L_195.wav,L
3_61.wav,3
3_65.wav,3
B_45.wav,B
Y_189.wav,Y
6_107.wav,6
E_27.wav,E
A_213.wav,A
M_144.wav,M
W_123.wav,W
4_70.wav,4
Z_103.wav,Z
V_156.wav,V
X_89.wav,X
6_6.wav,6
5_31.wav,5
W_93.wav,W
Z_234.wav,Z
E_148.wav,E
P_297.wav,P
O_93.wav,O
Y_83.wav,Y
T_110.wav,T
Y_141.wav,Y
S_18.wav,S
E_22.wav,E
L_233.wav,L
D_5.wav,D
A_53.wav,A
N_73.wav,N
V_78.wav,V
U_250.wav,U
6_55.wav,6
H_296.wav,H
Z_287.wav,Z
8_34.wav,8
T_72.wav,T
Q_134.wav,Q
C_44.wav,C
back_28.wav,b
O_207.wav,O
B_115.wav,B
J_229.wav,J
V_171.wav,V
H_229.wav,H
A_271.wav,A
S_53.wav,S
D_253.wav,D
Q_215.wav,Q
V_207.wav,V
T_274.wav,T
U_184.wav,U
shift_1.wav,s
O_224.wav,O
I_43.wav,I
V_232.wav,V
X_222.wav,X
6_59.wav,6
O_47.wav,O
Q_241.wav,Q
Y_52.wav,Y
O_275.wav,O
Z_295.wav,Z
W_173.wav,W
Y_306.wav,Y
J_253.wav,J
I_16.wav,I
O_115.wav,O
M_23.wav,M
Y_331.wav,Y
F_211.wav,F
X_202.wav,X
M_32.wav,M
S_117.wav,S
Enter_36.wav,E
J_197.wav,J
B_239.wav,B
Q_139.wav,Q
5_48.wav,5
O_141.wav,O
O_164.wav,O
V_34.wav,V
H_190.wav,H
H_123.wav,H
9_28.wav,9
Space_245.wav,S
N_145.wav,N
X_298.wav,X
F_181.wav,F
F_21.wav,F
N_234.wav,N
back_72.wav,b
O_372.wav,O
T_182.wav,T
M_44.wav,M
Y_62.wav,Y
S_270.wav,S
E_95.wav,E
M_152.wav,M
O_311.wav,O
G_259.wav,G
Z_96.wav,Z
N_167.wav,N
W_95.wav,W
A_67.wav,A
4_48.wav,4
D_183.wav,D
R_318.wav,R
L_18.wav,L
X_26.wav,X
R_215.wav,R
0_17.wav,0
E_130.wav,E
Q_129.wav,Q
N_261.wav,N
U_80.wav,U
K_3.wav,K
L_42.wav,L
S_22.wav,S
X_61.wav,X
T_291.wav,T
S_47.wav,S
J_81.wav,J
M_204.wav,M
Enter_247.wav,E
W_346.wav,W
I_341.wav,I
J_121.wav,J
Enter_227.wav,E
P_60.wav,P
back_73.wav,b
P_53.wav,P
1_63.wav,1
W_341.wav,W
T_69.wav,T
Q_226.wav,Q
M_97.wav,M
K_103.wav,K
S_148.wav,S
Y_337.wav,Y
7_27.wav,7
F_154.wav,F
3_5.wav,3
Space_206.wav,S
B_128.wav,B
K_28.wav,K
D_191.wav,D
I_357.wav,I
Z_23.wav,Z
L_154.wav,L
F_311.wav,F
W_133.wav,W
W_203.wav,W
7_54.wav,7
J_67.wav,J
R_29.wav,R
R_285.wav,R
H_222.wav,H
N_157.wav,N
E_107.wav,E
M_266.wav,M
U_19.wav,U
U_167.wav,U
M_192.wav,M
N_137.wav,N
R_363.wav,R
Z_154.wav,Z
N_156.wav,N
7_43.wav,7
4_15.wav,4
E_219.wav,E
8_23.wav,8
Y_198.wav,Y
shift_32.wav,s
Y_284.wav,Y
G_289.wav,G
O_187.wav,O
R_164.wav,R
G_118.wav,G
M_178.wav,M
M_64.wav,M
O_7.wav,O
P_107.wav,P
L_176.wav,L
C_83.wav,C
T_311.wav,T
J_145.wav,J
E_75.wav,E
F_303.wav,F
R_290.wav,R
O_234.wav,O
Z_48.wav,Z
S_182.wav,S
L_277.wav,L
T_326.wav,T
H_66.wav,H
I_176.wav,I
Q_43.wav,Q
Q_223.wav,Q
8_4.wav,8
D_163.wav,D
O_434.wav,O
B_231.wav,B
Z_281.wav,Z
X_149.wav,X
back_10.wav,b
2_7.wav,2
O_316.wav,O
K_55.wav,K
J_61.wav,J
G_213.wav,G
H_9.wav,H
0_89.wav,0
W_3.wav,W
1_2.wav,1
A_248.wav,A
I_289.wav,I
R_241.wav,R
H_210.wav,H
G_90.wav,G
Space_168.wav,S
D_208.wav,D
D_250.wav,D
Q_303.wav,Q
Y_280.wav,Y
T_82.wav,T
U_41.wav,U
1_102.wav,1
T_62.wav,T
Z_102.wav,Z
A_90.wav,A
K_88.wav,K
F_18.wav,F
Space_83.wav,S
Space_158.wav,S
Enter_195.wav,E
Y_290.wav,Y
W_344.wav,W
S_38.wav,S
F_110.wav,F
C_193.wav,C
8_94.wav,8
S_245.wav,S
F_166.wav,F
B_41.wav,B
O_154.wav,O
O_495.wav,O
G_196.wav,G
H_60.wav,H
O_520.wav,O
F_70.wav,F
P_111.wav,P
E_207.wav,E
Y_339.wav,Y
N_130.wav,N
W_136.wav,W
T_118.wav,T
A_234.wav,A
X_1.wav,X
W_97.wav,W
6_14.wav,6
9_68.wav,9
C_260.wav,C
E_233.wav,E
W_331.wav,W
N_129.wav,N
H_204.wav,H
O_8.wav,O
R_242.wav,R
Enter_82.wav,E
I_328.wav,I
Q_145.wav,Q
Space_169.wav,S
I_67.wav,I
R_75.wav,R
S_158.wav,S
O_326.wav,O
8_70.wav,8
N_239.wav,N
I_348.wav,I
J_185.wav,J
I_214.wav,I
Q_11.wav,Q
1_62.wav,1
U_319.wav,U
U_124.wav,U
L_196.wav,L
E_10.wav,E
Q_38.wav,Q
G_51.wav,G
B_132.wav,B
X_226.wav,X
6_94.wav,6
U_86.wav,U
D_290.wav,D
W_232.wav,W
L_130.wav,L
M_11.wav,M
I_141.wav,I
P_115.wav,P
U_305.wav,U
R_176.wav,R
Y_110.wav,Y
H_180.wav,H
D_156.wav,D
V_244.wav,V
F_79.wav,F
I_243.wav,I
A_58.wav,A
H_124.wav,H
shift_47.wav,s
E_194.wav,E
C_206.wav,C
O_243.wav,O
B_173.wav,B
J_302.wav,J
7_105.wav,7
U_225.wav,U
8_5.wav,8
U_110.wav,U
B_222.wav,B
E_150.wav,E
N_256.wav,N
O_379.wav,O
I_326.wav,I
E_78.wav,E
U_142.wav,U
Space_253.wav,S
I_312.wav,I
Z_37.wav,Z
A_239.wav,A
7_101.wav,7
K_115.wav,K
U_259.wav,U
B_29.wav,B
B_92.wav,B
T_131.wav,T
Space_212.wav,S
E_63.wav,E
C_148.wav,C
4_13.wav,4
3_21.wav,3
Y_191.wav,Y
Q_193.wav,Q
Z_250.wav,Z
back_45.wav,b
A_297.wav,A
B_90.wav,B
6_50.wav,6
N_29.wav,N
I_51.wav,I
E_8.wav,E
H_43.wav,H
4_53.wav,4
T_126.wav,T
V_143.wav,V
G_70.wav,G
I_216.wav,I
Enter_209.wav,E
J_215.wav,J
A_17.wav,A
K_25.wav,K
F_246.wav,F
Z_198.wav,Z
D_140.wav,D
N_37.wav,N
L_47.wav,L
U_1.wav,U
N_264.wav,N
N_191.wav,N
D_268.wav,D
A_345.wav,A
O_391.wav,O
B_18.wav,B
Space_134.wav,S
D_125.wav,D
F_57.wav,F
T_98.wav,T
W_99.wav,W
B_96.wav,B
P_167.wav,P
Y_308.wav,Y
Y_229.wav,Y
F_261.wav,F
V_89.wav,V
4_28.wav,4
O_360.wav,O
R_301.wav,R
H_304.wav,H
R_295.wav,R
S_243.wav,S
P_290.wav,P
X_249.wav,X
F_195.wav,F
R_219.wav,R
6_13.wav,6
0_80.wav,0
2_43.wav,2
9_3.wav,9
S_155.wav,S
Q_206.wav,Q
W_168.wav,W
L_152.wav,L
Z_163.wav,Z
E_47.wav,E
I_157.wav,I
G_35.wav,G
R_121.wav,R
N_212.wav,N
O_180.wav,O
U_275.wav,U
V_278.wav,V
I_13.wav,I
U_57.wav,U
P_219.wav,P
back_32.wav,b
A_245.wav,A
S_210.wav,S
4_46.wav,4
Z_5.wav,Z
O_208.wav,O
M_200.wav,M
O_534.wav,O
G_151.wav,G
S_223.wav,S
Q_264.wav,Q
Q_44.wav,Q
A_146.wav,A
U_276.wav,U
C_199.wav,C
T_160.wav,T
Y_149.wav,Y
U_40.wav,U
G_257.wav,G
I_334.wav,I
V_265.wav,V
7_37.wav,7
M_208.wav,M
Z_205.wav,Z
Enter_233.wav,E
8_22.wav,8
P_300.wav,P
C_156.wav,C
V_98.wav,V
6_31.wav,6
Z_92.wav,Z
H_195.wav,H
I_325.wav,I
0_26.wav,0
A_111.wav,A
O_334.wav,O
A_165.wav,A
R_270.wav,R
G_159.wav,G
S_61.wav,S
R_275.wav,R
M_73.wav,M
P_141.wav,P
8_62.wav,8
O_392.wav,O
P_322.wav,P
R_188.wav,R
G_177.wav,G
O_292.wav,O
S_228.wav,S
M_183.wav,M
M_289.wav,M
P_279.wav,P
A_24.wav,A
T_124.wav,T
Space_223.wav,S
P_41.wav,P
L_217.wav,L
G_286.wav,G
H_40.wav,H
O_248.wav,O
J_194.wav,J
3_31.wav,3
9_70.wav,9
W_342.wav,W
V_183.wav,V
M_249.wav,M
X_230.wav,X
U_6.wav,U
D_192.wav,D
Enter_210.wav,E
8_92.wav,8
6_109.wav,6
Space_38.wav,S
H_94.wav,H
F_306.wav,F
S_171.wav,S
F_47.wav,F
E_112.wav,E
Y_166.wav,Y
P_233.wav,P
Q_324.wav,Q
G_158.wav,G
M_55.wav,M
P_68.wav,P
Q_37.wav,Q
C_3.wav,C
D_176.wav,D
X_29.wav,X
O_57.wav,O
7_30.wav,7
W_193.wav,W
H_72.wav,H
M_35.wav,M
I_9.wav,I
0_52.wav,0
U_279.wav,U
M_135.wav,M
Space_181.wav,S
W_218.wav,W
A_202.wav,A
O_422.wav,O
M_305.wav,M
K_75.wav,K
W_61.wav,W
O_247.wav,O
Space_84.wav,S
D_82.wav,D
back_96.wav,b
H_31.wav,H
J_94.wav,J
B_149.wav,B
R_153.wav,R
D_239.wav,D
F_38.wav,F
Y_22.wav,Y
Enter_249.wav,E
A_312.wav,A
back_68.wav,b
4_65.wav,4
Y_178.wav,Y
K_1.wav,K
G_236.wav,G
back_24.wav,b
R_373.wav,R
J_77.wav,J
B_192.wav,B
O_394.wav,O
Space_110.wav,S
E_68.wav,E
H_36.wav,H
T_338.wav,T
Y_40.wav,Y
T_226.wav,T
Q_113.wav,Q
O_433.wav,O
I_298.wav,I
U_5.wav,U
O_414.wav,O
W_217.wav,W
N_41.wav,N
A_338.wav,A
P_289.wav,P
D_23.wav,D
Z_303.wav,Z
H_25.wav,H
R_216.wav,R
D_20.wav,D
1_10.wav,1
K_67.wav,K
Q_280.wav,Q
J_22.wav,J
4_80.wav,4
V_123.wav,V
U_314.wav,U
J_110.wav,J
R_284.wav,R
4_92.wav,4
C_197.wav,C
A_164.wav,A
1_98.wav,1
X_109.wav,X
P_338.wav,P
H_29.wav,H
R_357.wav,R
L_177.wav,L
M_181.wav,M
C_37.wav,C
0_22.wav,0
G_85.wav,G
D_269.wav,D
M_254.wav,M
Y_95.wav,Y
5_83.wav,5
Z_248.wav,Z
1_23.wav,1
4_12.wav,4
O_158.wav,O
L_230.wav,L
A_189.wav,A
Y_256.wav,Y
Y_270.wav,Y
L_44.wav,L
D_231.wav,D
W_143.wav,W
O_13.wav,O
E_210.wav,E
W_252.wav,W
shift_42.wav,s
J_220.wav,J
S_272.wav,S
H_126.wav,H
5_47.wav,5
G_165.wav,G
F_230.wav,F
K_131.wav,K
U_166.wav,U
M_1.wav,M
A_236.wav,A
L_79.wav,L
7_40.wav,7
J_297.wav,J
V_17.wav,V
4_39.wav,4
Space_60.wav,S
Q_293.wav,Q
S_95.wav,S
W_240.wav,W
E_9.wav,E
L_242.wav,L
E_154.wav,E
L_244.wav,L
X_160.wav,X
A_55.wav,A
Y_51.wav,Y
L_257.wav,L
U_223.wav,U
D_61.wav,D
G_290.wav,G
Space_44.wav,S
O_211.wav,O
Y_159.wav,Y
0_46.wav,0
W_301.wav,W
G_138.wav,G
H_181.wav,H
M_93.wav,M
Z_172.wav,Z
Space_166.wav,S
R_46.wav,R
Q_137.wav,Q
V_259.wav,V
Enter_173.wav,E
Z_282.wav,Z
F_234.wav,F
Space_8.wav,S
Q_18.wav,Q
Enter_149.wav,E
D_169.wav,D
4_36.wav,4
V_286.wav,V
Q_175.wav,Q
E_96.wav,E
T_14.wav,T
3_67.wav,3
R_229.wav,R
P_81.wav,P
X_272.wav,X
back_104.wav,b
S_37.wav,S
V_138.wav,V
F_182.wav,F
S_153.wav,S
L_281.wav,L
L_40.wav,L
7_58.wav,7
6_66.wav,6
T_123.wav,T
V_133.wav,V
T_144.wav,T
W_244.wav,W
M_131.wav,M
F_133.wav,F
W_43.wav,W
Y_6.wav,Y
Y_275.wav,Y
J_79.wav,J
back_31.wav,b
W_259.wav,W
C_210.wav,C
B_209.wav,B
Y_105.wav,Y
R_68.wav,R
J_106.wav,J
8_82.wav,8
G_99.wav,G
I_167.wav,I
X_264.wav,X
H_128.wav,H
L_59.wav,L
3_3.wav,3
X_155.wav,X
G_233.wav,G
Q_152.wav,Q
P_291.wav,P
G_133.wav,G
O_327.wav,O
Z_120.wav,Z
C_218.wav,C
D_159.wav,D
N_265.wav,N
S_33.wav,S
Z_132.wav,Z
U_240.wav,U
M_214.wav,M
O_449.wav,O
C_89.wav,C
K_72.wav,K
X_245.wav,X
U_24.wav,U
X_299.wav,X
X_75.wav,X
A_240.wav,A
R_329.wav,R
Space_147.wav,S
T_240.wav,T
M_290.wav,M
W_219.wav,W
U_237.wav,U
5_19.wav,5
I_224.wav,I
J_298.wav,J
Z_43.wav,Z
L_32.wav,L
back_18.wav,b
D_44.wav,D
4_88.wav,4
U_289.wav,U
O_527.wav,O
Enter_253.wav,E
D_288.wav,D
V_106.wav,V
P_30.wav,P
Y_128.wav,Y
X_223.wav,X
G_260.wav,G
V_65.wav,V
U_145.wav,U
Q_67.wav,Q
Z_279.wav,Z
V_81.wav,V
C_128.wav,C
0_76.wav,0
M_237.wav,M
O_125.wav,O
N_104.wav,N
2_39.wav,2
K_30.wav,K
X_199.wav,X
Q_142.wav,Q
Enter_8.wav,E
K_133.wav,K
J_189.wav,J
W_337.wav,W
Space_12.wav,S
O_222.wav,O
Z_176.wav,Z
T_340.wav,T
B_214.wav,B
F_103.wav,F
V_72.wav,V
X_53.wav,X
Z_117.wav,Z
I_28.wav,I
X_3.wav,X
O_56.wav,O
B_99.wav,B
E_43.wav,E
X_255.wav,X
B_202.wav,B
5_62.wav,5
W_267.wav,W
W_226.wav,W
J_191.wav,J
V_119.wav,V
F_125.wav,F
U_27.wav,U
J_23.wav,J
T_305.wav,T
X_20.wav,X
H_93.wav,H
F_260.wav,F
W_324.wav,W
Z_77.wav,Z
S_137.wav,S
I_178.wav,I
C_230.wav,C
back_46.wav,b
S_93.wav,S
O_189.wav,O
Enter_115.wav,E
M_175.wav,M
H_162.wav,H
P_232.wav,P
A_223.wav,A
0_59.wav,0
J_252.wav,J
N_127.wav,N
R_331.wav,R
M_65.wav,M
F_167.wav,F
2_48.wav,2
P_73.wav,P
I_133.wav,I
7_51.wav,7
O_293.wav,O
B_118.wav,B
G_97.wav,G
Space_132.wav,S
U_218.wav,U
N_163.wav,N
8_56.wav,8
I_179.wav,I
Z_211.wav,Z
A_342.wav,A
P_203.wav,P
G_272.wav,G
A_354.wav,A
Space_177.wav,S
Q_109.wav,Q
M_142.wav,M
P_15.wav,P
D_188.wav,D
H_153.wav,H
N_174.wav,N
J_90.wav,J
Space_40.wav,S
A_347.wav,A
Space_199.wav,S
M_176.wav,M
R_85.wav,R
K_110.wav,K
R_8.wav,R
W_293.wav,W
V_14.wav,V
S_81.wav,S
D_151.wav,D
N_38.wav,N
Space_187.wav,S
Q_160.wav,Q
C_235.wav,C
B_156.wav,B
Q_217.wav,Q
S_80.wav,S
B_159.wav,B
J_156.wav,J
back_105.wav,b
B_107.wav,B
C_154.wav,C
7_10.wav,7
Q_155.wav,Q
F_305.wav,F
D_181.wav,D
F_277.wav,F
3_73.wav,3
L_240.wav,L
F_264.wav,F
S_41.wav,S
Enter_87.wav,E
T_363.wav,T
G_216.wav,G
0_4.wav,0
U_47.wav,U
Z_59.wav,Z
Q_218.wav,Q
O_430.wav,O
Q_126.wav,Q
M_133.wav,M
M_123.wav,M
T_105.wav,T
S_204.wav,S
S_257.wav,S
C_291.wav,C
J_256.wav,J
3_50.wav,3
J_187.wav,J
I_144.wav,I
H_68.wav,H
Q_184.wav,Q
T_73.wav,T
G_100.wav,G
Q_244.wav,Q
V_212.wav,V
A_194.wav,A
T_301.wav,T
D_265.wav,D
4_26.wav,4
U_266.wav,U
F_189.wav,F
X_159.wav,X
Q_288.wav,Q
0_42.wav,0
M_197.wav,M
A_31.wav,A
M_49.wav,M
Q_314.wav,Q
M_280.wav,M
C_243.wav,C
O_216.wav,O
H_310.wav,H
R_25.wav,R
H_301.wav,H
X_191.wav,X
I_55.wav,I
T_347.wav,T
S_75.wav,S
Q_132.wav,Q
W_181.wav,W
Space_25.wav,S
N_182.wav,N
R_348.wav,R
back_53.wav,b
P_329.wav,P
C_21.wav,C
S_214.wav,S
O_462.wav,O
F_81.wav,F
U_230.wav,U
O_538.wav,O
W_299.wav,W
S_157.wav,S
J_126.wav,J
T_293.wav,T
I_322.wav,I
Q_48.wav,Q
U_323.wav,U
O_48.wav,O
H_171.wav,H
A_182.wav,A
O_58.wav,O
9_36.wav,9
A_151.wav,A
U_189.wav,U
T_26.wav,T
P_259.wav,P
F_24.wav,F
U_335.wav,U
1_104.wav,1
K_34.wav,K
D_197.wav,D
V_206.wav,V
Space_228.wav,S
V_135.wav,V
Space_131.wav,S
P_13.wav,P
O_378.wav,O
X_279.wav,X
J_93.wav,J
T_134.wav,T
H_259.wav,H
C_271.wav,C
W_245.wav,W
S_35.wav,S
B_155.wav,B
5_23.wav,5
H_115.wav,H
H_33.wav,H
I_72.wav,I
Space_70.wav,S
T_190.wav,T
Space_188.wav,S
W_204.wav,W
X_13.wav,X
back_33.wav,b
Enter_148.wav,E
S_215.wav,S
V_79.wav,V
L_201.wav,L
O_506.wav,O
shift_44.wav,s
Space_183.wav,S
O_62.wav,O
W_44.wav,W
M_70.wav,M
G_36.wav,G
N_254.wav,N
R_208.wav,R
K_95.wav,K
Space_190.wav,S
Enter_62.wav,E
R_7.wav,R
J_294.wav,J
V_63.wav,V
E_23.wav,E
B_13.wav,B
W_182.wav,W
D_219.wav,D
shift_10.wav,s
D_292.wav,D
V_85.wav,V
W_261.wav,W
F_218.wav,F
5_55.wav,5
C_222.wav,C
R_12.wav,R
P_179.wav,P
P_10.wav,P
Enter_257.wav,E
O_281.wav,O
X_4.wav,X
A_302.wav,A
G_204.wav,G
I_161.wav,I
Enter_37.wav,E
T_357.wav,T
W_329.wav,W
Q_170.wav,Q
M_223.wav,M
H_220.wav,H
H_309.wav,H
G_300.wav,G
A_22.wav,A
G_238.wav,G
J_283.wav,J
O_111.wav,O
I_347.wav,I
U_91.wav,U
M_259.wav,M
N_54.wav,N
I_8.wav,I
E_138.wav,E
0_16.wav,0
F_63.wav,F
L_183.wav,L
Space_220.wav,S
S_120.wav,S
O_355.wav,O
6_1.wav,6
Q_238.wav,Q
F_29.wav,F
D_81.wav,D
V_217.wav,V
N_152.wav,N
T_56.wav,T
Enter_184.wav,E
Q_313.wav,Q
N_56.wav,N
Q_21.wav,Q
S_226.wav,S
G_189.wav,G
D_287.wav,D
9_10.wav,9
W_117.wav,W
T_263.wav,T
T_228.wav,T
P_151.wav,P
0_39.wav,0
S_8.wav,S
E_218.wav,E
Q_77.wav,Q
H_129.wav,H
C_253.wav,C
W_166.wav,W
H_20.wav,H
P_3.wav,P
F_56.wav,F
L_170.wav,L
D_146.wav,D
A_321.wav,A
T_269.wav,T
J_240.wav,J
R_322.wav,R
F_159.wav,F
O_249.wav,O
T_38.wav,T
Q_143.wav,Q
V_152.wav,V
D_17.wav,D
0_40.wav,0
F_35.wav,F
A_87.wav,A
Enter_112.wav,E
R_52.wav,R
L_52.wav,L
shift_80.wav,s
T_57.wav,T
M_16.wav,M
W_286.wav,W
T_260.wav,T
S_274.wav,S
A_138.wav,A
R_292.wav,R
R_15.wav,R
P_205.wav,P
M_182.wav,M
Y_232.wav,Y
shift_67.wav,s
A_11.wav,A
O_291.wav,O
L_121.wav,L
V_115.wav,V
A_26.wav,A
O_205.wav,O
Q_166.wav,Q
G_29.wav,G
H_169.wav,H
X_125.wav,X
Space_85.wav,S
Enter_216.wav,E
Y_162.wav,Y
O_197.wav,O
L_87.wav,L
O_242.wav,O
A_178.wav,A
Z_304.wav,Z
I_112.wav,I
R_56.wav,R
U_280.wav,U
T_117.wav,T
F_107.wav,F
L_199.wav,L
C_151.wav,C
H_4.wav,H
Z_275.wav,Z
Q_182.wav,Q
R_254.wav,R
I_47.wav,I
Y_254.wav,Y
R_58.wav,R
J_36.wav,J
Enter_75.wav,E
W_200.wav,W
L_180.wav,L
W_152.wav,W
C_59.wav,C
shift_66.wav,s
9_8.wav,9
P_116.wav,P
O_109.wav,O
Enter_240.wav,E
I_329.wav,I
F_201.wav,F
6_20.wav,6
Q_120.wav,Q
K_129.wav,K
N_179.wav,N
W_112.wav,W
S_261.wav,S
N_119.wav,N
W_6.wav,W
C_36.wav,C
N_90.wav,N
V_93.wav,V
R_114.wav,R
M_268.wav,M
Q_285.wav,Q
9_9.wav,9
Q_119.wav,Q
W_294.wav,W
L_37.wav,L
Q_222.wav,Q
O_319.wav,O
S_50.wav,S
O_193.wav,O
P_175.wav,P
shift_8.wav,s
F_44.wav,F
D_26.wav,D
J_199.wav,J
W_15.wav,W
Y_72.wav,Y
S_206.wav,S
K_23.wav,K
back_102.wav,b
O_357.wav,O
F_2.wav,F
0_98.wav,0
0_74.wav,0
Q_257.wav,Q
Q_65.wav,Q
T_129.wav,T
R_156.wav,R
G_185.wav,G
D_116.wav,D
J_9.wav,J
P_159.wav,P
W_34.wav,W
M_75.wav,M
O_178.wav,O
8_39.wav,8
S_127.wav,S
Y_250.wav,Y
X_242.wav,X
F_27.wav,F
I_115.wav,I
R_240.wav,R
Y_319.wav,Y
Q_213.wav,Q
C_292.wav,C
Y_244.wav,Y
F_93.wav,F
J_181.wav,J
V_257.wav,V
0_41.wav,0
M_105.wav,M
P_214.wav,P
A_82.wav,A
X_148.wav,X
shift_68.wav,s
E_214.wav,E
O_450.wav,O
B_187.wav,B
W_103.wav,W
H_100.wav,H
V_210.wav,V
S_138.wav,S
5_50.wav,5
P_2.wav,P
N_96.wav,N
L_4.wav,L
W_225.wav,W
U_177.wav,U
Space_237.wav,S
O_80.wav,O
V_162.wav,V
G_212.wav,G
T_192.wav,T
U_318.wav,U
Enter_215.wav,E
U_216.wav,U
U_187.wav,U
U_92.wav,U
V_161.wav,V
E_227.wav,E
7_12.wav,7
F_184.wav,F
Y_56.wav,Y
M_100.wav,M
X_79.wav,X
Space_116.wav,S
V_10.wav,V
N_117.wav,N
P_131.wav,P
X_282.wav,X
J_28.wav,J
B_124.wav,B
O_49.wav,O
M_61.wav,M
I_232.wav,I
F_88.wav,F
O_455.wav,O
Y_223.wav,Y
E_17.wav,E
G_198.wav,G
J_230.wav,J
H_113.wav,H
1_92.wav,1
C_281.wav,C
J_76.wav,J
2_16.wav,2
D_3.wav,D
3_80.wav,3
8_83.wav,8
G_263.wav,G
M_94.wav,M
V_227.wav,V
G_206.wav,G
0_10.wav,0
C_121.wav,C
Enter_154.wav,E
C_170.wav,C
R_395.wav,R
K_104.wav,K
J_244.wav,J
T_306.wav,T
T_70.wav,T
O_385.wav,O
R_236.wav,R
N_273.wav,N
H_23.wav,H
Z_22.wav,Z
Y_202.wav,Y
B_42.wav,B
F_149.wav,F
Q_51.wav,Q
D_94.wav,D
D_138.wav,D
U_304.wav,U
W_52.wav,W
Z_54.wav,Z
Space_54.wav,S
X_63.wav,X
U_329.wav,U
back_95.wav,b
G_214.wav,G
W_26.wav,W
C_33.wav,C
N_118.wav,N
A_298.wav,A
Enter_71.wav,E
A_123.wav,A
Z_18.wav,Z
V_117.wav,V
T_308.wav,T
6_82.wav,6
B_221.wav,B
N_227.wav,N
W_279.wav,W
G_253.wav,G
W_39.wav,W
O_18.wav,O
S_151.wav,S
D_209.wav,D
Space_81.wav,S
H_38.wav,H
X_189.wav,X
N_116.wav,N
D_131.wav,D
Q_225.wav,Q
P_274.wav,P
D_123.wav,D
Enter_39.wav,E
Z_20.wav,Z
Enter_140.wav,E
P_14.wav,P
U_292.wav,U
L_9.wav,L
W_246.wav,W
T_17.wav,T
F_247.wav,F
E_35.wav,E
3_2.wav,3
I_292.wav,I
F_105.wav,F
3_85.wav,3
A_174.wav,A
K_37.wav,K
L_272.wav,L
Q_125.wav,Q
L_54.wav,L
4_31.wav,4
N_139.wav,N
C_115.wav,C
D_108.wav,D
I_303.wav,I
7_91.wav,7
L_86.wav,L
Q_64.wav,Q
L_246.wav,L
Enter_242.wav,E
V_237.wav,V
P_99.wav,P
J_264.wav,J
R_328.wav,R
J_158.wav,J
K_26.wav,K
Q_192.wav,Q
B_160.wav,B
O_60.wav,O
O_340.wav,O
P_105.wav,P
R_237.wav,R
F_156.wav,F
R_147.wav,R
shift_64.wav,s
E_135.wav,E
D_232.wav,D
R_106.wav,R
A_231.wav,A
U_30.wav,U
H_297.wav,H
K_74.wav,K
L_2.wav,L
H_237.wav,H
Z_61.wav,Z
X_207.wav,X
7_42.wav,7
T_154.wav,T
A_316.wav,A
R_87.wav,R
R_365.wav,R
Y_343.wav,Y
O_174.wav,O
T_209.wav,T
H_137.wav,H
L_29.wav,L
I_264.wav,I
N_11.wav,N
4_90.wav,4
1_107.wav,1
shift_59.wav,s
P_22.wav,P
Q_323.wav,Q
5_2.wav,5
O_387.wav,O
N_230.wav,N
R_67.wav,R
Space_29.wav,S
I_261.wav,I
C_133.wav,C
I_188.wav,I
A_353.wav,A
E_128.wav,E
shift_79.wav,s
B_104.wav,B
7_104.wav,7
M_293.wav,M
O_138.wav,O
Y_109.wav,Y
M_212.wav,M
V_219.wav,V
Y_176.wav,Y
R_94.wav,R
H_143.wav,H
Space_251.wav,S
8_51.wav,8
I_323.wav,I
shift_78.wav,s
O_25.wav,O
Q_179.wav,Q
Q_190.wav,Q
A_62.wav,A
Y_117.wav,Y
S_268.wav,S
P_164.wav,P
3_64.wav,3
F_288.wav,F
2_1.wav,2
Z_191.wav,Z
E_257.wav,E
Enter_237.wav,E
X_87.wav,X
T_188.wav,T
T_42.wav,T
R_320.wav,R
P_136.wav,P
T_299.wav,T
U_238.wav,U
H_258.wav,H
Y_247.wav,Y
L_105.wav,L
O_225.wav,O
3_29.wav,3
J_163.wav,J
4_33.wav,4
1_93.wav,1
L_252.wav,L
X_73.wav,X
M_206.wav,M
L_187.wav,L
G_4.wav,G
E_229.wav,E
B_226.wav,B
E_64.wav,E
V_250.wav,V
P_273.wav,P
O_356.wav,O
G_171.wav,G
Space_107.wav,S
shift_63.wav,s
3_35.wav,3
I_52.wav,I
V_195.wav,V
D_215.wav,D
Q_229.wav,Q
Enter_80.wav,E
I_361.wav,I
V_164.wav,V
O_441.wav,O
H_256.wav,H
J_128.wav,J
shift_85.wav,s
T_53.wav,T
M_150.wav,M
F_213.wav,F
J_20.wav,J
K_82.wav,K
C_2.wav,C
B_86.wav,B
Z_258.wav,Z
R_109.wav,R
B_68.wav,B
7_2.wav,7
C_310.wav,C
Enter_26.wav,E
B_224.wav,B
D_51.wav,D
M_303.wav,M
M_47.wav,M
G_17.wav,G
1_37.wav,1
C_32.wav,C
T_77.wav,T
M_213.wav,M
J_202.wav,J
E_199.wav,E
Y_66.wav,Y
G_270.wav,G
R_127.wav,R
E_170.wav,E
3_74.wav,3
C_34.wav,C
R_196.wav,R
O_390.wav,O
7_68.wav,7
V_277.wav,V
X_39.wav,X
O_250.wav,O
A_310.wav,A
Z_14.wav,Z
B_69.wav,B
K_123.wav,K
9_12.wav,9
8_77.wav,8
Z_85.wav,Z
L_262.wav,L
O_27.wav,O
C_301.wav,C
I_153.wav,I
W_16.wav,W
Space_5.wav,S
K_31.wav,K
D_202.wav,D
S_189.wav,S
C_201.wav,C
S_200.wav,S
L_13.wav,L
I_31.wav,I
C_86.wav,C
Z_203.wav,Z
O_196.wav,O
G_232.wav,G
9_71.wav,9
T_258.wav,T
U_244.wav,U
back_52.wav,b
I_276.wav,I
Z_17.wav,Z
J_165.wav,J
H_267.wav,H
O_460.wav,O
L_212.wav,L
F_83.wav,F
O_344.wav,O
G_11.wav,G
C_111.wav,C
I_107.wav,I
M_124.wav,M
T_115.wav,T
D_190.wav,D
U_13.wav,U
U_229.wav,U
M_140.wav,M
O_341.wav,O
Y_18.wav,Y
A_262.wav,A
Z_9.wav,Z
M_205.wav,M
N_22.wav,N
V_247.wav,V
E_52.wav,E
M_216.wav,M
T_250.wav,T
E_203.wav,E
O_438.wav,O
T_287.wav,T
M_167.wav,M
A_214.wav,A
F_163.wav,F
D_21.wav,D
U_297.wav,U
9_11.wav,9
O_490.wav,O
U_88.wav,U
I_205.wav,I
O_328.wav,O
O_102.wav,O
Enter_132.wav,E
R_281.wav,R
G_107.wav,G
4_6.wav,4
Space_198.wav,S
M_115.wav,M
N_200.wav,N
E_108.wav,E
L_34.wav,L
U_287.wav,U
R_3.wav,R
B_283.wav,B
J_201.wav,J
L_158.wav,L
3_59.wav,3
H_308.wav,H
M_248.wav,M
C_166.wav,C
D_64.wav,D
N_66.wav,N
2_40.wav,2
Enter_46.wav,E
Q_242.wav,Q
Enter_48.wav,E
N_154.wav,N
C_119.wav,C
N_177.wav,N
B_51.wav,B
V_155.wav,V
M_38.wav,M
L_261.wav,L
H_230.wav,H
shift_28.wav,s
J_211.wav,J
Q_14.wav,Q
6_2.wav,6
shift_17.wav,s
Q_71.wav,Q
X_216.wav,X
H_260.wav,H
U_100.wav,U
E_100.wav,E
Space_145.wav,S
F_178.wav,F
V_55.wav,V
P_67.wav,P
O_72.wav,O
L_234.wav,L
T_150.wav,T
K_10.wav,K
E_205.wav,E
I_89.wav,I
M_113.wav,M
O_288.wav,O
X_42.wav,X
N_43.wav,N
K_113.wav,K
Space_247.wav,S
T_303.wav,T
Y_327.wav,Y
A_136.wav,A
shift_9.wav,s
X_270.wav,X
I_247.wav,I
F_11.wav,F
Enter_143.wav,E
back_14.wav,b
Z_280.wav,Z
D_170.wav,D
Z_184.wav,Z
T_5.wav,T
H_8.wav,H
I_229.wav,I
Q_255.wav,Q
P_345.wav,P
G_223.wav,G
J_262.wav,J
A_270.wav,A
B_58.wav,B
6_101.wav,6
E_169.wav,E
F_281.wav,F
W_289.wav,W
H_112.wav,H
3_78.wav,3
L_119.wav,L
7_97.wav,7
Y_106.wav,Y
Enter_166.wav,E
U_255.wav,U
2_52.wav,2
5_59.wav,5
H_173.wav,H
G_288.wav,G
J_24.wav,J
I_76.wav,I
3_7.wav,3
S_76.wav,S
C_19.wav,C
D_46.wav,D
Q_178.wav,Q
0_8.wav,0
R_197.wav,R
B_198.wav,B
E_67.wav,E
O_67.wav,O
S_264.wav,S
D_130.wav,D
M_250.wav,M
H_279.wav,H
I_337.wav,I
9_27.wav,9
O_452.wav,O
Y_279.wav,Y
M_238.wav,M
U_130.wav,U
5_87.wav,5
B_7.wav,B
0_55.wav,0
shift_65.wav,s
I_99.wav,I
1_45.wav,1
I_29.wav,I
U_152.wav,U
I_307.wav,I
G_49.wav,G
Enter_248.wav,E
T_79.wav,T
G_123.wav,G
W_273.wav,W
1_28.wav,1
N_31.wav,N
G_244.wav,G
D_256.wav,D
T_135.wav,T
4_82.wav,4
Q_319.wav,Q
N_81.wav,N
A_4.wav,A
N_164.wav,N
H_175.wav,H
A_29.wav,A
Q_5.wav,Q
U_272.wav,U
O_265.wav,O
L_140.wav,L
O_342.wav,O
X_129.wav,X
J_303.wav,J
O_480.wav,O
K_69.wav,K
E_195.wav,E
N_16.wav,N
Q_151.wav,Q
Space_238.wav,S
M_297.wav,M
D_184.wav,D
R_297.wav,R
J_65.wav,J
S_181.wav,S
A_18.wav,A
T_176.wav,T
L_203.wav,L
E_165.wav,E
I_344.wav,I
S_218.wav,S
F_138.wav,F
R_199.wav,R
Space_68.wav,S
N_89.wav,N
N_14.wav,N
Q_82.wav,Q
Q_205.wav,Q
F_220.wav,F
8_7.wav,8
Y_283.wav,Y
5_26.wav,5
N_275.wav,N
O_263.wav,O
T_180.wav,T
B_136.wav,B
X_265.wav,X
W_55.wav,W
X_119.wav,X
5_72.wav,5
W_250.wav,W
H_35.wav,H
P_172.wav,P
N_59.wav,N
D_302.wav,D
W_157.wav,W
N_238.wav,N
Enter_67.wav,E
N_237.wav,N
M_301.wav,M
V_172.wav,V
3_55.wav,3
M_146.wav,M
C_293.wav,C
B_218.wav,B
V_116.wav,V
C_130.wav,C
F_48.wav,F
P_121.wav,P
V_4.wav,V
T_11.wav,T
R_189.wav,R
J_287.wav,J
Q_211.wav,Q
X_121.wav,X
Enter_55.wav,E
P_76.wav,P
Y_54.wav,Y
T_109.wav,T
I_21.wav,I
H_75.wav,H
N_46.wav,N
6_3.wav,6
J_6.wav,J
Y_30.wav,Y
D_177.wav,D
A_180.wav,A
W_11.wav,W
C_46.wav,C
U_73.wav,U
L_30.wav,L
K_7.wav,K
X_124.wav,X
A_322.wav,A
7_9.wav,7
B_256.wav,B
G_208.wav,G
I_70.wav,I
W_176.wav,W
R_272.wav,R
U_52.wav,U
Enter_186.wav,E
Q_221.wav,Q
W_128.wav,W
1_42.wav,1
M_63.wav,M
D_1.wav,D
1_70.wav,1
U_254.wav,U
3_9.wav,3
R_170.wav,R
9_84.wav,9
C_30.wav,C
5_21.wav,5
Y_276.wav,Y
back_81.wav,b
H_294.wav,H
O_382.wav,O
M_132.wav,M
7_75.wav,7
D_303.wav,D
J_124.wav,J
Z_94.wav,Z
A_254.wav,A
G_247.wav,G
U_111.wav,U
T_302.wav,T
E_238.wav,E
Z_99.wav,Z
back_82.wav,b
L_265.wav,L
J_21.wav,J
W_72.wav,W
D_12.wav,D
H_303.wav,H
I_335.wav,I
S_247.wav,S
X_218.wav,X
8_71.wav,8
Y_84.wav,Y
A_349.wav,A
A_173.wav,A
D_281.wav,D
G_250.wav,G
U_55.wav,U
U_138.wav,U
L_266.wav,L
Space_234.wav,S
O_119.wav,O
Enter_76.wav,E
R_161.wav,R
B_195.wav,B
4_29.wav,4
P_244.wav,P
F_72.wav,F
1_36.wav,1
N_74.wav,N
C_124.wav,C
8_13.wav,8
V_91.wav,V
M_62.wav,M
Q_32.wav,Q
back_74.wav,b
Space_118.wav,S
G_187.wav,G
shift_62.wav,s
shift_3.wav,s
6_90.wav,6
A_185.wav,A
S_119.wav,S
E_77.wav,E
V_7.wav,V
V_54.wav,V
P_155.wav,P
C_270.wav,C
Space_243.wav,S
A_34.wav,A
B_89.wav,B
R_289.wav,R
Q_9.wav,Q
C_48.wav,C
R_177.wav,R
V_187.wav,V
Z_236.wav,Z
V_268.wav,V
D_254.wav,D
G_80.wav,G
6_106.wav,6
C_57.wav,C
J_180.wav,J
Q_118.wav,Q
P_327.wav,P
F_255.wav,F
F_242.wav,F
T_276.wav,T
A_122.wav,A
L_241.wav,L
P_162.wav,P
O_322.wav,O
Enter_45.wav,E
T_41.wav,T
A_313.wav,A
back_43.wav,b
G_54.wav,G
A_208.wav,A
6_44.wav,6
F_129.wav,F
shift_45.wav,s
Space_210.wav,S
1_59.wav,1
P_304.wav,P
N_274.wav,N
Q_62.wav,Q
S_125.wav,S
O_475.wav,O
U_118.wav,U
B_264.wav,B
P_56.wav,P
Y_188.wav,Y
A_10.wav,A
X_40.wav,X
T_297.wav,T
I_217.wav,I
T_114.wav,T
Y_251.wav,Y
G_258.wav,G
Y_185.wav,Y
K_32.wav,K
N_169.wav,N
G_43.wav,G
S_68.wav,S
A_115.wav,A
J_48.wav,J
I_3.wav,I
M_66.wav,M
B_64.wav,B
Enter_230.wav,E
G_241.wav,G
X_48.wav,X
6_26.wav,6
U_209.wav,U
P_261.wav,P
S_121.wav,S
C_145.wav,C
A_100.wav,A
W_190.wav,W
J_33.wav,J
B_204.wav,B
L_56.wav,L
Q_265.wav,Q
C_198.wav,C
S_140.wav,S
E_258.wav,E
T_83.wav,T
B_31.wav,B
H_27.wav,H
O_411.wav,O
I_68.wav,I
J_232.wav,J
R_368.wav,R
R_44.wav,R
B_266.wav,B
Z_3.wav,Z
J_139.wav,J
L_166.wav,L
V_163.wav,V
F_62.wav,F
A_309.wav,A
C_117.wav,C
S_168.wav,S
I_230.wav,I
Space_34.wav,S
G_141.wav,G
Z_200.wav,Z
L_148.wav,L
D_71.wav,D
V_168.wav,V
back_71.wav,b
O_493.wav,O
J_43.wav,J
D_28.wav,D
1_84.wav,1
D_278.wav,D
B_188.wav,B
W_211.wav,W
L_43.wav,L
T_152.wav,T
E_106.wav,E
M_6.wav,M
Z_149.wav,Z
W_96.wav,W
P_334.wav,P
U_253.wav,U
U_215.wav,U
F_169.wav,F
B_106.wav,B
F_39.wav,F
O_45.wav,O
Enter_110.wav,E
L_128.wav,L
B_75.wav,B
Space_137.wav,S
A_32.wav,A
Q_35.wav,Q
Z_156.wav,Z
M_165.wav,M
T_348.wav,T
P_119.wav,P
back_67.wav,b
I_333.wav,I
H_26.wav,H
F_10.wav,F
Z_173.wav,Z
9_26.wav,9
B_234.wav,B
C_275.wav,C
Y_139.wav,Y
W_79.wav,W
X_271.wav,X
Space_61.wav,S
B_254.wav,B
I_19.wav,I
I_127.wav,I
E_2.wav,E
Enter_147.wav,E
Enter_43.wav,E
X_142.wav,X
O_272.wav,O
A_106.wav,A
Y_68.wav,Y
S_10.wav,S
S_99.wav,S
B_271.wav,B
R_79.wav,R
0_19.wav,0
M_109.wav,M
0_70.wav,0
G_71.wav,G
F_106.wav,F
F_268.wav,F
N_214.wav,N
B_114.wav,B
M_171.wav,M
R_333.wav,R
T_10.wav,T
O_457.wav,O
G_131.wav,G
Z_181.wav,Z
Enter_131.wav,E
M_106.wav,M
Enter_187.wav,E
E_51.wav,E
5_61.wav,5
S_258.wav,S
G_306.wav,G
2_14.wav,2
A_256.wav,A
O_448.wav,O
X_107.wav,X
2_23.wav,2
Space_22.wav,S
S_229.wav,S
C_5.wav,C
2_6.wav,2
Space_240.wav,S
J_135.wav,J
A_171.wav,A
P_287.wav,P
A_175.wav,A
C_66.wav,C
Space_119.wav,S
Z_130.wav,Z
Q_50.wav,Q
Z_171.wav,Z
V_8.wav,V
P_36.wav,P
5_67.wav,5
6_36.wav,6
D_189.wav,D
L_162.wav,L
F_124.wav,F
Q_174.wav,Q
F_101.wav,F
W_155.wav,W
X_32.wav,X
E_184.wav,E
Space_93.wav,S
6_32.wav,6
Space_182.wav,S
B_280.wav,B
T_167.wav,T
C_190.wav,C
M_202.wav,M
E_37.wav,E
A_107.wav,A
U_182.wav,U
2_4.wav,2
E_73.wav,E
Enter_200.wav,E
J_112.wav,J
G_229.wav,G
E_260.wav,E
back_38.wav,b
O_423.wav,O
J_49.wav,J
2_50.wav,2
P_102.wav,P
N_204.wav,N
Q_148.wav,Q
J_270.wav,J
4_52.wav,4
L_11.wav,L
J_209.wav,J
A_299.wav,A
W_257.wav,W
P_54.wav,P
P_33.wav,P
C_226.wav,C
U_3.wav,U
O_148.wav,O
U_288.wav,U
Q_22.wav,Q
Enter_123.wav,E
Z_233.wav,Z
G_144.wav,G
H_299.wav,H
L_245.wav,L
W_243.wav,W
6_76.wav,6
J_133.wav,J
0_7.wav,0
6_10.wav,6
shift_25.wav,s
F_69.wav,F
E_146.wav,E
D_262.wav,D
P_193.wav,P
X_178.wav,X
T_292.wav,T
4_86.wav,4
Z_228.wav,Z
Y_79.wav,Y
P_77.wav,P
I_192.wav,I
B_122.wav,B
A_201.wav,A
O_376.wav,O
C_159.wav,C
R_288.wav,R
Q_107.wav,Q
J_95.wav,J
G_163.wav,G
O_339.wav,O
7_89.wav,7
V_184.wav,V
B_37.wav,B
F_186.wav,F
W_8.wav,W
O_515.wav,O
M_19.wav,M
A_210.wav,A
L_247.wav,L
T_35.wav,T
A_224.wav,A
H_286.wav,H
M_145.wav,M
O_496.wav,O
Y_123.wav,Y
F_45.wav,F
U_172.wav,U
M_107.wav,M
D_264.wav,D
3_44.wav,3
Z_83.wav,Z
Space_42.wav,S
I_120.wav,I
I_359.wav,I
K_142.wav,K
U_50.wav,U
P_317.wav,P
R_81.wav,R
K_9.wav,K
5_82.wav,5
7_55.wav,7
B_162.wav,B
R_316.wav,R
C_123.wav,C
C_274.wav,C
T_151.wav,T
W_37.wav,W
5_27.wav,5
L_249.wav,L
Y_38.wav,Y
Z_31.wav,Z
I_33.wav,I
C_100.wav,C
X_185.wav,X
L_283.wav,L
3_49.wav,3
F_148.wav,F
7_39.wav,7
U_99.wav,U
R_125.wav,R
L_213.wav,L
M_53.wav,M
V_254.wav,V
O_74.wav,O
R_100.wav,R
X_184.wav,X
H_272.wav,H
C_23.wav,C
4_24.wav,4
H_19.wav,H
X_187.wav,X
T_294.wav,T
R_352.wav,R
X_135.wav,X
S_178.wav,S
G_87.wav,G
A_85.wav,A
M_264.wav,M
N_206.wav,N
V_189.wav,V
O_114.wav,O
Z_225.wav,Z
9_22.wav,9
G_74.wav,G
G_102.wav,G
O_469.wav,O
P_43.wav,P
O_286.wav,O
D_207.wav,D
P_270.wav,P
I_63.wav,I
V_198.wav,V
B_190.wav,B
A_292.wav,A
I_355.wav,I
Enter_220.wav,E
L_267.wav,L
Q_309.wav,Q
B_109.wav,B
Space_241.wav,S
G_246.wav,G
C_241.wav,C
I_37.wav,I
V_274.wav,V
Z_34.wav,Z
4_71.wav,4
I_155.wav,I
W_307.wav,W
M_141.wav,M
W_118.wav,W
X_66.wav,X
R_304.wav,R
W_138.wav,W
J_192.wav,J
L_222.wav,L
B_24.wav,B
Z_269.wav,Z
L_190.wav,L
B_131.wav,B
R_82.wav,R
9_50.wav,9
Y_76.wav,Y
G_10.wav,G
F_4.wav,F
V_83.wav,V
B_186.wav,B
1_38.wav,1
D_279.wav,D
J_273.wav,J
5_42.wav,5
Y_175.wav,Y
U_294.wav,U
C_306.wav,C
H_158.wav,H
8_66.wav,8
X_208.wav,X
W_195.wav,W
T_353.wav,T
1_3.wav,1
5_74.wav,5
S_64.wav,S
I_270.wav,I
7_49.wav,7
C_244.wav,C
P_32.wav,P
L_85.wav,L
8_2.wav,8
M_80.wav,M
C_263.wav,C
R_178.wav,R
B_140.wav,B
R_204.wav,R
X_300.wav,X
I_208.wav,I
P_29.wav,P
I_23.wav,I
F_296.wav,F
A_36.wav,A
Y_71.wav,Y
E_134.wav,E
A_328.wav,A
T_28.wav,T
shift_56.wav,s
M_256.wav,M
O_384.wav,O
T_267.wav,T
back_39.wav,b
O_307.wav,O
C_98.wav,C
E_235.wav,E
U_193.wav,U
R_74.wav,R
C_149.wav,C
O_298.wav,O
6_40.wav,6
K_60.wav,K
U_17.wav,U
F_40.wav,F
R_53.wav,R
1_90.wav,1
E_119.wav,E
Enter_130.wav,E
Z_25.wav,Z
E_230.wav,E
shift_11.wav,s
Enter_160.wav,E
X_243.wav,X
I_294.wav,I
K_52.wav,K
X_229.wav,X
Space_49.wav,S
Enter_125.wav,E
S_27.wav,S
V_157.wav,V
O_36.wav,O
T_238.wav,T
X_175.wav,X
B_242.wav,B
D_32.wav,D
Q_305.wav,Q
B_30.wav,B
R_132.wav,R
6_65.wav,6
I_5.wav,I
Enter_246.wav,E
T_165.wav,T
I_40.wav,I
G_149.wav,G
J_5.wav,J
6_35.wav,6
C_200.wav,C
L_200.wav,L
J_284.wav,J
A_155.wav,A
E_83.wav,E
M_143.wav,M
O_106.wav,O
Q_198.wav,Q
P_75.wav,P
Enter_127.wav,E
3_39.wav,3
Y_50.wav,Y
A_204.wav,A
L_97.wav,L
J_32.wav,J
W_115.wav,W
A_152.wav,A
J_295.wav,J
C_187.wav,C
O_116.wav,O
Space_87.wav,S
S_42.wav,S
Enter_157.wav,E
0_2.wav,0
V_86.wav,V
U_322.wav,U
R_350.wav,R
Z_140.wav,Z
C_155.wav,C
R_28.wav,R
L_250.wav,L
S_233.wav,S
Enter_234.wav,E
W_144.wav,W
L_189.wav,L
T_34.wav,T
X_232.wav,X
O_408.wav,O
I_189.wav,I
Q_131.wav,Q
B_49.wav,B
O_519.wav,O
P_148.wav,P
P_230.wav,P
F_173.wav,F
A_243.wav,A
T_300.wav,T
O_145.wav,O
1_17.wav,1
T_319.wav,T
W_80.wav,W
B_36.wav,B
W_322.wav,W
D_56.wav,D
A_209.wav,A
Q_297.wav,Q
Z_145.wav,Z
D_134.wav,D
M_218.wav,M
U_252.wav,U
X_97.wav,X
N_49.wav,N
R_303.wav,R
D_95.wav,D
R_314.wav,R
H_234.wav,H
5_38.wav,5
Y_243.wav,Y
Z_167.wav,Z
A_42.wav,A
A_289.wav,A
Y_216.wav,Y
G_69.wav,G
P_8.wav,P
4_89.wav,4
X_220.wav,X
C_258.wav,C
O_489.wav,O
Q_183.wav,Q
M_111.wav,M
F_286.wav,F
Q_202.wav,Q
X_151.wav,X
5_85.wav,5
Space_262.wav,S
A_219.wav,A
I_1.wav,I
4_25.wav,4
3_66.wav,3
A_137.wav,A
Space_259.wav,S
O_488.wav,O
Z_271.wav,Z
A_14.wav,A
C_51.wav,C
O_470.wav,O
Space_24.wav,S
L_138.wav,L
O_61.wav,O
P_106.wav,P
S_131.wav,S
W_236.wav,W
Space_178.wav,S
Q_327.wav,Q
A_156.wav,A
Space_125.wav,S
Q_291.wav,Q
Z_220.wav,Z
Q_45.wav,Q
S_44.wav,S
L_21.wav,L
1_108.wav,1
B_268.wav,B
N_75.wav,N
Y_332.wav,Y
R_276.wav,R
V_41.wav,V
1_12.wav,1
O_365.wav,O
O_467.wav,O
N_5.wav,N
6_30.wav,6
U_18.wav,U
X_306.wav,X
V_15.wav,V
F_96.wav,F
L_136.wav,L
T_264.wav,T
C_146.wav,C
R_166.wav,R
P_248.wav,P
F_52.wav,F
A_176.wav,A
Q_306.wav,Q
A_157.wav,A
D_37.wav,D
H_5.wav,H
Y_177.wav,Y
6_78.wav,6
Space_141.wav,S
F_116.wav,F
3_54.wav,3
U_104.wav,U
J_213.wav,J
6_37.wav,6
V_126.wav,V
U_291.wav,U
E_176.wav,E
Q_286.wav,Q
I_186.wav,I
L_163.wav,L
U_234.wav,U
M_271.wav,M
Z_8.wav,Z
G_117.wav,G
I_42.wav,I
R_227.wav,R
Z_195.wav,Z
U_282.wav,U
J_210.wav,J
V_239.wav,V
Q_98.wav,Q
W_119.wav,W
E_99.wav,E
X_5.wav,X
F_115.wav,F
M_33.wav,M
Space_261.wav,S
Enter_69.wav,E
M_163.wav,M
K_54.wav,K
Z_69.wav,Z
shift_13.wav,s
H_37.wav,H
1_50.wav,1
W_345.wav,W
Enter_50.wav,E
Space_244.wav,S
Y_63.wav,Y
M_95.wav,M
F_64.wav,F
W_177.wav,W
P_187.wav,P
F_274.wav,F
N_64.wav,N
Enter_218.wav,E
back_80.wav,b
G_180.wav,G
O_214.wav,O
W_170.wav,W
B_129.wav,B
C_247.wav,C
H_34.wav,H
H_212.wav,H
Y_241.wav,Y
E_198.wav,E
T_313.wav,T
F_237.wav,F
E_162.wav,E
M_42.wav,M
T_358.wav,T
9_64.wav,9
W_214.wav,W
shift_21.wav,s
W_213.wav,W
W_46.wav,W
F_67.wav,F
W_134.wav,W
7_83.wav,7
Y_265.wav,Y
O_75.wav,O
U_337.wav,U
Y_336.wav,Y
H_306.wav,H
R_274.wav,R
Enter_175.wav,E
F_301.wav,F
C_231.wav,C
F_224.wav,F
O_20.wav,O
X_30.wav,X
Enter_3.wav,E
R_10.wav,R
Z_266.wav,Z
H_225.wav,H
Space_6.wav,S
T_116.wav,T
A_101.wav,A
J_57.wav,J
E_137.wav,E
U_301.wav,U
8_17.wav,8
W_187.wav,W
Y_291.wav,Y
H_278.wav,H
R_19.wav,R
O_105.wav,O
J_38.wav,J
I_228.wav,I
Y_294.wav,Y
W_264.wav,W
X_276.wav,X
F_82.wav,F
C_167.wav,C
W_48.wav,W
1_35.wav,1
P_258.wav,P
Q_301.wav,Q
4_78.wav,4
Z_118.wav,Z
U_236.wav,U
I_92.wav,I
B_184.wav,B
M_26.wav,M
G_145.wav,G
W_266.wav,W
O_324.wav,O
O_185.wav,O
A_225.wav,A
O_476.wav,O
J_231.wav,J
X_51.wav,X
T_170.wav,T
back_88.wav,b
Enter_238.wav,E
X_27.wav,X
O_227.wav,O
P_124.wav,P
S_112.wav,S
Z_230.wav,Z
X_215.wav,X
Z_226.wav,Z
O_169.wav,O
A_244.wav,A
Q_33.wav,Q
F_111.wav,F
W_298.wav,W
Q_72.wav,Q
F_66.wav,F
T_3.wav,T
R_362.wav,R
A_119.wav,A
M_164.wav,M
D_249.wav,D
M_13.wav,M
H_262.wav,H
Space_209.wav,S
7_3.wav,7
A_228.wav,A
V_199.wav,V
L_26.wav,L
P_91.wav,P
shift_89.wav,s
Space_227.wav,S
W_33.wav,W
R_262.wav,R
S_180.wav,S
T_251.wav,T
M_274.wav,M
V_261.wav,V
6_58.wav,6
H_283.wav,H
W_162.wav,W
X_23.wav,X
G_127.wav,G
U_227.wav,U
Q_329.wav,Q
N_3.wav,N
7_59.wav,7
R_195.wav,R
B_153.wav,B
5_66.wav,5
J_204.wav,J
9_75.wav,9
T_217.wav,T
W_150.wav,W
P_144.wav,P
H_97.wav,H
Space_127.wav,S
Q_102.wav,Q
J_257.wav,J
R_379.wav,R
Q_124.wav,Q
V_102.wav,V
L_49.wav,L
G_25.wav,G
I_195.wav,I
Q_103.wav,Q
T_95.wav,T
O_233.wav,O
H_298.wav,H
Z_2.wav,Z
I_345.wav,I
P_165.wav,P
5_3.wav,5
F_94.wav,F
E_140.wav,E
shift_12.wav,s
P_82.wav,P
B_73.wav,B
V_179.wav,V
I_316.wav,I
R_377.wav,R
P_114.wav,P
Q_3.wav,Q
T_55.wav,T
Z_297.wav,Z
R_88.wav,R
R_180.wav,R
Space_128.wav,S
O_68.wav,O
O_367.wav,O
X_24.wav,X
J_97.wav,J
R_77.wav,R
Enter_35.wav,E
I_258.wav,I
H_107.wav,H
V_64.wav,V
U_281.wav,U
T_142.wav,T
I_26.wav,I
U_207.wav,U
M_275.wav,M
Y_77.wav,Y
N_178.wav,N
T_261.wav,T
X_113.wav,X
P_134.wav,P
R_214.wav,R
Enter_27.wav,E
H_274.wav,H
F_87.wav,F
Y_125.wav,Y
9_74.wav,9
0_54.wav,0
L_248.wav,L
S_23.wav,S
Enter_32.wav,E
Space_162.wav,S
R_144.wav,R
M_221.wav,M
K_86.wav,K
X_221.wav,X
R_97.wav,R
G_285.wav,G
A_232.wav,A
G_21.wav,G
P_35.wav,P
R_22.wav,R
B_117.wav,B
T_65.wav,T
A_242.wav,A
Y_94.wav,Y
F_98.wav,F
H_141.wav,H
W_172.wav,W
X_111.wav,X
X_123.wav,X
H_166.wav,H
8_29.wav,8
P_272.wav,P
T_237.wav,T
U_260.wav,U
Q_295.wav,Q
V_66.wav,V
A_319.wav,A
L_286.wav,L
M_88.wav,M
M_224.wav,M
A_341.wav,A
G_199.wav,G
R_386.wav,R
W_325.wav,W
Q_46.wav,Q
Z_237.wav,Z
Enter_105.wav,E
C_219.wav,C
V_110.wav,V
Q_20.wav,Q
T_143.wav,T
M_114.wav,M
C_153.wav,C
C_256.wav,C
O_255.wav,O
0_34.wav,0
F_289.wav,F
G_15.wav,G
Space_86.wav,S
Q_101.wav,Q
O_410.wav,O
G_173.wav,G
G_86.wav,G
7_33.wav,7
B_142.wav,B
J_109.wav,J
C_279.wav,C
L_251.wav,L
R_396.wav,R
R_326.wav,R
Space_138.wav,S
D_300.wav,D
3_23.wav,3
X_15.wav,X
8_46.wav,8
U_102.wav,U
C_181.wav,C
K_106.wav,K
F_177.wav,F
J_186.wav,J
Z_6.wav,Z
D_147.wav,D
C_41.wav,C
Y_234.wav,Y
X_59.wav,X
N_70.wav,N
U_243.wav,U
Z_82.wav,Z
7_13.wav,7
O_337.wav,O
0_23.wav,0
8_41.wav,8
Enter_118.wav,E
G_240.wav,G
R_69.wav,R
K_79.wav,K
T_30.wav,T
E_36.wav,E
P_79.wav,P
Enter_18.wav,E
H_125.wav,H
Enter_232.wav,E
2_27.wav,2
1_80.wav,1
Enter_170.wav,E
S_230.wav,S
R_212.wav,R
G_53.wav,G
R_182.wav,R
I_317.wav,I
6_38.wav,6
O_217.wav,O
F_171.wav,F
F_60.wav,F
T_266.wav,T
Z_255.wav,Z
J_171.wav,J
Z_11.wav,Z
Enter_163.wav,E
Q_299.wav,Q
A_278.wav,A
G_153.wav,G
S_198.wav,S
O_134.wav,O
E_87.wav,E
W_20.wav,W
T_282.wav,T
Space_242.wav,S
W_314.wav,W
T_346.wav,T
K_53.wav,K
Z_238.wav,Z
T_6.wav,T
L_88.wav,L
E_167.wav,E
Z_246.wav,Z
H_312.wav,H
V_270.wav,V
W_169.wav,W
Z_151.wav,Z
Q_165.wav,Q
F_127.wav,F
C_213.wav,C
1_78.wav,1
Enter_41.wav,E
8_35.wav,8
O_192.wav,O
E_61.wav,E
G_170.wav,G
D_114.wav,D
N_44.wav,N
4_38.wav,4
Y_136.wav,Y
shift_26.wav,s
E_122.wav,E
Space_180.wav,S
back_16.wav,b
Enter_111.wav,E
N_7.wav,N
M_28.wav,M
W_303.wav,W
G_249.wav,G
Y_266.wav,Y
X_227.wav,X
Space_176.wav,S
H_83.wav,H
W_158.wav,W
Enter_102.wav,E
W_45.wav,W
I_220.wav,I
S_156.wav,S
B_261.wav,B
R_317.wav,R
Z_129.wav,Z
O_380.wav,O
T_214.wav,T
B_38.wav,B
A_7.wav,A
W_237.wav,W
T_132.wav,T
X_116.wav,X
Enter_88.wav,E
J_123.wav,J
5_56.wav,5
X_307.wav,X
J_239.wav,J
E_250.wav,E
P_281.wav,P
5_77.wav,5
W_146.wav,W
3_41.wav,3
A_114.wav,A
L_99.wav,L
4_23.wav,4
O_139.wav,O
0_96.wav,0
H_223.wav,H
5_9.wav,5
W_249.wav,W
L_129.wav,L
W_330.wav,W
X_194.wav,X
P_48.wav,P
O_184.wav,O
X_219.wav,X
Space_2.wav,S
G_27.wav,G
X_190.wav,X
O_447.wav,O
Y_195.wav,Y
P_51.wav,P
shift_72.wav,s
R_364.wav,R
Z_252.wav,Z
X_201.wav,X
I_299.wav,I
T_106.wav,T
J_172.wav,J
U_326.wav,U
2_24.wav,2
O_374.wav,O
A_193.wav,A
R_346.wav,R
U_42.wav,U
4_43.wav,4
N_47.wav,N
5_51.wav,5
T_312.wav,T
9_97.wav,9
X_170.wav,X
H_74.wav,H
Enter_122.wav,E
I_123.wav,I
I_283.wav,I
H_121.wav,H
X_250.wav,X
W_251.wav,W
I_49.wav,I
D_270.wav,D
O_38.wav,O
1_54.wav,1
4_45.wav,4
G_103.wav,G
T_367.wav,T
D_205.wav,D
Y_102.wav,Y
G_41.wav,G
O_368.wav,O
5_12.wav,5
R_239.wav,R
U_137.wav,U
P_62.wav,P
Y_87.wav,Y
A_30.wav,A
N_83.wav,N
W_164.wav,W
B_112.wav,B
X_49.wav,X
X_280.wav,X
O_499.wav,O
Q_4.wav,Q
D_8.wav,D
O_403.wav,O
V_122.wav,V
A_267.wav,A
O_150.wav,O
D_74.wav,D
8_49.wav,8
Z_104.wav,Z
Z_197.wav,Z
Y_193.wav,Y
T_96.wav,T
Space_71.wav,S
X_64.wav,X
J_152.wav,J
W_297.wav,W
Enter_58.wav,E
F_157.wav,F
Z_74.wav,Z
X_138.wav,X
H_236.wav,H
C_228.wav,C
F_51.wav,F
shift_81.wav,s
S_101.wav,S
Enter_169.wav,E
I_65.wav,I
P_323.wav,P
O_347.wav,O
9_92.wav,9
X_162.wav,X
F_287.wav,F
6_51.wav,6
C_114.wav,C
back_22.wav,b
Y_180.wav,Y
Z_150.wav,Z
U_66.wav,U
H_98.wav,H
P_227.wav,P
F_99.wav,F
B_145.wav,B
O_179.wav,O
R_294.wav,R
M_54.wav,M
I_269.wav,I
F_13.wav,F
B_16.wav,B
G_76.wav,G
W_175.wav,W
L_90.wav,L
K_92.wav,K
E_211.wav,E
P_163.wav,P
M_267.wav,M
S_128.wav,S
Space_267.wav,S
Space_197.wav,S
E_192.wav,E
K_27.wav,K
1_33.wav,1
Enter_78.wav,E
R_45.wav,R
D_2.wav,D
W_167.wav,W
X_105.wav,X
shift_73.wav,s
A_20.wav,A
P_241.wav,P
7_45.wav,7
A_46.wav,A
back_11.wav,b
Q_171.wav,Q
Enter_231.wav,E
T_120.wav,T
Space_77.wav,S
F_278.wav,F
H_11.wav,H
A_128.wav,A
D_225.wav,D
A_305.wav,A
O_348.wav,O
X_275.wav,X
K_47.wav,K
6_53.wav,6
Z_39.wav,Z
D_27.wav,D
G_245.wav,G
S_104.wav,S
H_194.wav,H
Enter_64.wav,E
A_129.wav,A
O_369.wav,O
J_55.wav,J
P_280.wav,P
N_187.wav,N
E_124.wav,E
Z_264.wav,Z
A_52.wav,A
H_69.wav,H
T_248.wav,T
P_298.wav,P
V_216.wav,V
S_254.wav,S
Y_257.wav,Y
M_168.wav,M
6_56.wav,6
Z_133.wav,Z
7_35.wav,7
F_34.wav,F
2_25.wav,2
9_16.wav,9
Z_13.wav,Z
W_287.wav,W
G_161.wav,G
J_8.wav,J
U_173.wav,U
T_218.wav,T
F_174.wav,F
R_207.wav,R
R_151.wav,R
G_278.wav,G
Enter_212.wav,E
M_125.wav,M
B_275.wav,B
5_86.wav,5
K_139.wav,K
Enter_28.wav,E
Y_28.wav,Y
Y_344.wav,Y
F_134.wav,F
B_57.wav,B
F_208.wav,F
U_196.wav,U
P_61.wav,P
G_303.wav,G
1_76.wav,1
3_4.wav,3
A_102.wav,A
X_205.wav,X
0_43.wav,0
S_165.wav,S
2_33.wav,2
W_206.wav,W
N_232.wav,N
4_58.wav,4
G_179.wav,G
P_310.wav,P
9_46.wav,9
R_375.wav,R
R_163.wav,R
Space_15.wav,S
K_85.wav,K
R_169.wav,R
S_139.wav,S
L_264.wav,L
J_132.wav,J
Enter_201.wav,E
C_42.wav,C
R_57.wav,R
M_2.wav,M
J_4.wav,J
O_386.wav,O
I_293.wav,I
J_305.wav,J
Z_24.wav,Z
H_187.wav,H
T_99.wav,T
E_72.wav,E
I_211.wav,I
1_7.wav,1
W_185.wav,W
7_57.wav,7
P_129.wav,P
Y_65.wav,Y
R_202.wav,R
Y_13.wav,Y
D_263.wav,D
O_284.wav,O
Q_94.wav,Q
K_109.wav,K
shift_49.wav,s
Space_32.wav,S
L_271.wav,L
R_200.wav,R
D_167.wav,D
C_234.wav,C
O_402.wav,O
B_134.wav,B
M_189.wav,M
G_225.wav,G
6_7.wav,6
Z_144.wav,Z
7_82.wav,7
L_147.wav,L
F_147.wav,F
A_120.wav,A
Space_64.wav,S
E_180.wav,E
Z_67.wav,Z
R_246.wav,R
L_113.wav,L
B_34.wav,B
R_256.wav,R
R_149.wav,R
H_139.wav,H
Y_127.wav,Y
W_113.wav,W
W_239.wav,W
D_31.wav,D
T_93.wav,T
B_260.wav,B
T_127.wav,T
6_108.wav,6
I_296.wav,I
Z_268.wav,Z
R_398.wav,R
Z_188.wav,Z
H_105.wav,H
Enter_146.wav,E
Z_30.wav,Z
E_14.wav,E
O_349.wav,O
2_21.wav,2
7_7.wav,7
O_37.wav,O
8_90.wav,8
N_87.wav,N
N_95.wav,N
P_176.wav,P
F_190.wav,F
T_281.wav,T
E_187.wav,E
Y_55.wav,Y
R_124.wav,R
P_316.wav,P
Z_46.wav,Z
V_193.wav,V
E_239.wav,E
N_8.wav,N
R_247.wav,R
O_333.wav,O
A_227.wav,A
R_266.wav,R
V_2.wav,V
4_91.wav,4
A_89.wav,A
N_2.wav,N
Enter_65.wav,E
Z_16.wav,Z
W_85.wav,W
W_270.wav,W
Enter_129.wav,E
X_108.wav,X
A_203.wav,A
0_48.wav,0
I_352.wav,I
U_336.wav,U
Q_220.wav,Q
G_209.wav,G
R_354.wav,R
7_15.wav,7
L_160.wav,L
4_2.wav,4
F_77.wav,F
Y_163.wav,Y
R_261.wav,R
O_236.wav,O
Q_320.wav,Q
I_15.wav,I
G_295.wav,G
M_260.wav,M
E_208.wav,E
shift_33.wav,s
Q_208.wav,Q
M_241.wav,M
V_235.wav,V
V_177.wav,V
Z_126.wav,Z
J_155.wav,J
Space_103.wav,S
8_6.wav,8
I_253.wav,I
F_151.wav,F
D_29.wav,D
T_29.wav,T
D_160.wav,D
Y_253.wav,Y
N_131.wav,N
U_273.wav,U
Q_330.wav,Q
Q_169.wav,Q
F_257.wav,F
J_196.wav,J
O_188.wav,O
R_16.wav,R
F_227.wav,F
I_139.wav,I
H_95.wav,H
4_4.wav,4
Space_67.wav,S
F_161.wav,F
O_126.wav,O
C_101.wav,C
1_87.wav,1
W_333.wav,W
C_22.wav,C
C_134.wav,C
W_38.wav,W
C_109.wav,C
D_164.wav,D
E_147.wav,E
A_216.wav,A
M_36.wav,M
A_293.wav,A
2_22.wav,2
Y_137.wav,Y
K_71.wav,K
Y_46.wav,Y
0_93.wav,0
M_37.wav,M
H_164.wav,H
W_126.wav,W
J_146.wav,J
A_332.wav,A
D_42.wav,D
A_76.wav,A
C_4.wav,C
J_226.wav,J
U_25.wav,U
Y_328.wav,Y
D_126.wav,D
O_290.wav,O
B_127.wav,B
O_52.wav,O
J_222.wav,J
L_206.wav,L
X_8.wav,X
8_98.wav,8
T_278.wav,T
O_301.wav,O
Y_245.wav,Y
A_150.wav,A
V_204.wav,V
P_234.wav,P
O_77.wav,O
C_29.wav,C
X_68.wav,X
7_73.wav,7
L_101.wav,L
O_177.wav,O
P_147.wav,P
X_231.wav,X
K_16.wav,K
A_343.wav,A
2_38.wav,2
Y_64.wav,Y
M_244.wav,M
K_138.wav,K
X_33.wav,X
Z_52.wav,Z
P_267.wav,P
5_6.wav,5
B_217.wav,B
Y_187.wav,Y
I_159.wav,I
O_453.wav,O
N_248.wav,N
Space_41.wav,S
W_178.wav,W
P_278.wav,P
0_15.wav,0
Z_75.wav,Z
B_61.wav,B
B_63.wav,B
F_15.wav,F
E_193.wav,E
L_72.wav,L
D_258.wav,D
Space_225.wav,S
X_256.wav,X
I_27.wav,I
Y_224.wav,Y
F_32.wav,F
B_11.wav,B
B_116.wav,B
W_149.wav,W
1_19.wav,1
Y_210.wav,Y
9_47.wav,9
V_140.wav,V
V_60.wav,V
C_252.wav,C
6_99.wav,6
P_306.wav,P
6_29.wav,6
V_233.wav,V
X_180.wav,X
9_85.wav,9
Z_196.wav,Z
3_69.wav,3
C_63.wav,C
H_2.wav,H
F_270.wav,F
I_267.wav,I
O_240.wav,O
L_38.wav,L
O_318.wav,O
P_180.wav,P
N_138.wav,N
1_67.wav,1
V_103.wav,V
G_234.wav,G
K_114.wav,K
Enter_106.wav,E
C_236.wav,C
F_86.wav,F
0_24.wav,0
Y_103.wav,Y
T_185.wav,T
Z_207.wav,Z
0_45.wav,0
X_257.wav,X
U_194.wav,U
C_158.wav,C
F_235.wav,F
Q_311.wav,Q
D_16.wav,D
7_53.wav,7
U_35.wav,U
C_90.wav,C
Space_26.wav,S
U_325.wav,U
H_79.wav,H
N_176.wav,N
V_36.wav,V
W_19.wav,W
B_77.wav,B
X_308.wav,X
back_92.wav,b
H_248.wav,H
C_282.wav,C
Q_56.wav,Q
A_295.wav,A
F_221.wav,F
8_84.wav,8
O_516.wav,O
P_312.wav,P
W_47.wav,W
J_255.wav,J
J_276.wav,J
J_82.wav,J
R_167.wav,R
Space_222.wav,S
B_143.wav,B
R_298.wav,R
5_88.wav,5
T_163.wav,T
B_130.wav,B
U_343.wav,U
D_161.wav,D
A_56.wav,A
N_92.wav,N
T_39.wav,T
U_214.wav,U
U_170.wav,U
V_73.wav,V
S_246.wav,S
Z_179.wav,Z
L_8.wav,L
Z_185.wav,Z
X_150.wav,X
R_186.wav,R
I_187.wav,I
O_254.wav,O
F_308.wav,F
M_34.wav,M
9_48.wav,9
A_170.wav,A
V_5.wav,V
T_107.wav,T
back_84.wav,b
E_166.wav,E
N_189.wav,N
V_100.wav,V
M_45.wav,M
X_6.wav,X
4_47.wav,4
N_233.wav,N
N_171.wav,N
D_47.wav,D
S_154.wav,S
6_42.wav,6
R_255.wav,R
N_39.wav,N
back_54.wav,b
T_235.wav,T
I_360.wav,I
C_131.wav,C
G_293.wav,G
9_90.wav,9
M_79.wav,M
Enter_192.wav,E
8_21.wav,8
Q_251.wav,Q
Q_26.wav,Q
O_345.wav,O
M_5.wav,M
B_46.wav,B
Q_176.wav,Q
B_137.wav,B
E_262.wav,E
O_363.wav,O
U_313.wav,U
J_157.wav,J
Q_300.wav,Q
R_338.wav,R
B_211.wav,B
R_48.wav,R
U_298.wav,U
S_97.wav,S
0_79.wav,0
K_93.wav,K
M_137.wav,M
O_172.wav,O
U_174.wav,U
U_116.wav,U
D_109.wav,D
O_465.wav,O
C_237.wav,C
Enter_63.wav,E
Q_230.wav,Q
J_200.wav,J
I_313.wav,I
I_91.wav,I
C_61.wav,C
1_89.wav,1
A_68.wav,A
H_51.wav,H
P_137.wav,P
A_153.wav,A
R_175.wav,R
Y_303.wav,Y
E_12.wav,E
U_303.wav,U
Enter_239.wav,E
J_282.wav,J
D_153.wav,D
P_207.wav,P
I_135.wav,I
D_52.wav,D
E_82.wav,E
C_294.wav,C
R_251.wav,R
P_17.wav,P
Q_274.wav,Q
F_209.wav,F
U_114.wav,U
O_354.wav,O
R_218.wav,R
9_72.wav,9
B_3.wav,B
T_161.wav,T
A_277.wav,A
B_133.wav,B
J_92.wav,J
W_57.wav,W
C_209.wav,C
X_140.wav,X
W_110.wav,W
7_16.wav,7
T_227.wav,T
R_98.wav,R
R_17.wav,R
F_85.wav,F
T_177.wav,T
E_142.wav,E
Y_297.wav,Y
T_86.wav,T
Space_255.wav,S
M_7.wav,M
O_96.wav,O
R_143.wav,R
F_304.wav,F
9_7.wav,9
E_164.wav,E
Q_63.wav,Q
D_141.wav,D
L_120.wav,L
T_265.wav,T
C_194.wav,C
6_23.wav,6
E_41.wav,E
Y_81.wav,Y
E_261.wav,E
8_50.wav,8
G_18.wav,G
4_81.wav,4
G_164.wav,G
N_13.wav,N
M_306.wav,M
R_235.wav,R
I_311.wav,I
X_127.wav,X
K_137.wav,K
I_181.wav,I
D_173.wav,D
U_153.wav,U
S_255.wav,S
Y_148.wav,Y
E_253.wav,E
D_88.wav,D
T_243.wav,T
W_151.wav,W
R_136.wav,R
H_120.wav,H
O_444.wav,O
5_36.wav,5
G_280.wav,G
O_532.wav,O
T_168.wav,T
R_224.wav,R
V_273.wav,V
G_255.wav,G
G_128.wav,G
L_232.wav,L
4_57.wav,4
Z_204.wav,Z
K_96.wav,K
H_138.wav,H
shift_23.wav,s
Space_1.wav,S
shift_69.wav,s
V_24.wav,V
Y_82.wav,Y
I_204.wav,I
E_28.wav,E
E_159.wav,E
L_131.wav,L
5_79.wav,5
S_222.wav,S
P_243.wav,P
J_30.wav,J
V_59.wav,V
O_123.wav,O
C_224.wav,C
Space_250.wav,S
T_205.wav,T
K_18.wav,K
W_315.wav,W
V_202.wav,V
Y_209.wav,Y
I_310.wav,I
A_230.wav,A
Y_267.wav,Y
B_249.wav,B
T_364.wav,T
P_152.wav,P
E_53.wav,E
V_281.wav,V
M_219.wav,M
F_50.wav,F
K_98.wav,K
O_79.wav,O
1_39.wav,1
H_215.wav,H
H_61.wav,H
Space_37.wav,S
P_1.wav,P
F_36.wav,F
shift_48.wav,s
L_215.wav,L
Enter_128.wav,E
G_9.wav,G
R_372.wav,R
W_81.wav,W
C_94.wav,C
N_196.wav,N
8_32.wav,8
Q_54.wav,Q
E_66.wav,E
N_115.wav,N
8_91.wav,8
P_96.wav,P
3_36.wav,3
S_43.wav,S
L_71.wav,L
1_81.wav,1
J_51.wav,J
Space_9.wav,S
0_62.wav,0
S_188.wav,S
I_240.wav,I
P_299.wav,P
H_197.wav,H
shift_6.wav,s
W_18.wav,W
D_62.wav,D
Enter_174.wav,E
B_274.wav,B
H_104.wav,H
O_159.wav,O
Z_217.wav,Z
S_39.wav,S
G_37.wav,G
F_185.wav,F
Y_25.wav,Y
9_96.wav,9
1_53.wav,1
L_171.wav,L
B_76.wav,B
U_220.wav,U
R_389.wav,R
H_311.wav,H
O_485.wav,O
T_186.wav,T
Enter_17.wav,E
V_165.wav,V
W_73.wav,W
V_88.wav,V
Y_199.wav,Y
Q_233.wav,Q
V_112.wav,V
O_256.wav,O
A_160.wav,A
P_123.wav,P
Z_177.wav,Z
C_91.wav,C
A_44.wav,A
C_75.wav,C
G_222.wav,G
M_203.wav,M
T_40.wav,T
B_176.wav,B
C_225.wav,C
P_94.wav,P
W_77.wav,W
A_288.wav,A
Enter_177.wav,E
E_50.wav,E
6_19.wav,6
Y_108.wav,Y
D_113.wav,D
S_253.wav,S
F_187.wav,F
S_11.wav,S
Y_310.wav,Y
O_454.wav,O
K_121.wav,K
Space_47.wav,S
V_90.wav,V
M_261.wav,M
Z_265.wav,Z
Space_171.wav,S
R_194.wav,R
I_225.wav,I
N_12.wav,N
S_221.wav,S
A_307.wav,A
O_439.wav,O
U_339.wav,U
A_333.wav,A
J_289.wav,J
F_89.wav,F
P_26.wav,P
W_31.wav,W
Z_190.wav,Z
P_340.wav,P
Z_70.wav,Z
R_257.wav,R
O_89.wav,O
K_83.wav,K
D_241.wav,D
D_185.wav,D
L_253.wav,L
H_307.wav,H
R_323.wav,R
Z_263.wav,Z
Z_283.wav,Z
N_166.wav,N
T_174.wav,T
Space_161.wav,S
L_220.wav,L
T_16.wav,T
H_102.wav,H
R_201.wav,R
I_279.wav,I
H_245.wav,H
H_71.wav,H
U_148.wav,U
V_104.wav,V
Q_73.wav,Q
H_282.wav,H
L_109.wav,L
L_123.wav,L
E_116.wav,E
S_78.wav,S
back_83.wav,b
F_256.wav,F
T_189.wav,T
Y_75.wav,Y
9_88.wav,9
R_243.wav,R
T_351.wav,T
3_1.wav,3
A_54.wav,A
P_351.wav,P
M_292.wav,M
A_220.wav,A
O_321.wav,O
Enter_181.wav,E
U_251.wav,U
W_98.wav,W
H_21.wav,H
D_210.wav,D
3_38.wav,3
F_233.wav,F
V_37.wav,V
C_103.wav,C
C_95.wav,C
G_219.wav,G
C_39.wav,C
R_117.wav,R
S_262.wav,S
Y_5.wav,Y
O_276.wav,O
J_301.wav,J
X_183.wav,X
X_292.wav,X
J_125.wav,J
N_84.wav,N
W_317.wav,W
G_256.wav,G
G_134.wav,G
W_171.wav,W
D_246.wav,D
3_57.wav,3
F_194.wav,F
Space_130.wav,S
F_172.wav,F
Y_304.wav,Y
J_206.wav,J
N_25.wav,N
J_72.wav,J
8_88.wav,8
H_119.wav,H
G_58.wav,G
W_183.wav,W
P_328.wav,P
I_324.wav,I
9_23.wav,9
shift_43.wav,s
M_286.wav,M
T_375.wav,T
U_23.wav,U
N_257.wav,N
I_119.wav,I
1_58.wav,1
Z_301.wav,Z
H_160.wav,H
P_190.wav,P
K_84.wav,K
L_168.wav,L
R_351.wav,R
W_192.wav,W
R_148.wav,R
P_71.wav,P
C_26.wav,C
Space_264.wav,S
O_521.wav,O
E_21.wav,E
W_94.wav,W
J_10.wav,J
V_31.wav,V
W_63.wav,W
W_205.wav,W
O_314.wav,O
V_241.wav,V
Y_225.wav,Y
Q_31.wav,Q
I_140.wav,I
Space_211.wav,S
O_501.wav,O
Y_70.wav,Y
W_197.wav,W
P_108.wav,P
V_94.wav,V
H_144.wav,H
O_270.wav,O
L_142.wav,L
B_135.wav,B
T_58.wav,T
O_424.wav,O
R_118.wav,R
B_237.wav,B
J_80.wav,J
W_276.wav,W
W_186.wav,W
Y_295.wav,Y
V_285.wav,V
M_285.wav,M
R_225.wav,R
V_222.wav,V
E_113.wav,E
O_151.wav,O
E_263.wav,E
Y_146.wav,Y
C_54.wav,C
U_150.wav,U
Z_89.wav,Z
S_162.wav,S
B_164.wav,B
S_132.wav,S
I_87.wav,I
back_55.wav,b
W_321.wav,W
L_66.wav,L
Enter_222.wav,E
F_153.wav,F
O_99.wav,O
R_38.wav,R
Z_131.wav,Z
P_212.wav,P
H_62.wav,H
Z_26.wav,Z
B_139.wav,B
H_132.wav,H
Q_216.wav,Q
Y_147.wav,Y
A_247.wav,A
N_252.wav,N
U_200.wav,U
O_383.wav,O
I_233.wav,I
8_40.wav,8
I_50.wav,I
D_203.wav,D
P_277.wav,P
D_243.wav,D
7_60.wav,7
B_276.wav,B
Q_154.wav,Q
A_57.wav,A
H_167.wav,H
D_260.wav,D
K_107.wav,K
M_273.wav,M
C_312.wav,C
T_220.wav,T
I_22.wav,I
N_194.wav,N
U_9.wav,U
R_84.wav,R
Z_15.wav,Z
X_233.wav,X
O_163.wav,O
3_24.wav,3
V_42.wav,V
B_23.wav,B
G_34.wav,G
S_201.wav,S
Z_241.wav,Z
M_129.wav,M
P_262.wav,P
M_159.wav,M
Z_166.wav,Z
W_84.wav,W
P_171.wav,P
J_15.wav,J
S_3.wav,S
R_340.wav,R
H_57.wav,H
back_56.wav,b
T_153.wav,T
Z_122.wav,Z
P_198.wav,P
X_10.wav,X
E_5.wav,E
Q_189.wav,Q
H_108.wav,H
O_352.wav,O
T_156.wav,T
2_45.wav,2
V_39.wav,V
D_267.wav,D
Space_203.wav,S
O_19.wav,O
Q_6.wav,Q
P_336.wav,P
Space_120.wav,S
U_290.wav,U
U_67.wav,U
U_221.wav,U
Z_251.wav,Z
5_32.wav,5
Q_294.wav,Q
H_203.wav,H
U_293.wav,U
V_46.wav,V
L_104.wav,L
S_172.wav,S
C_240.wav,C
O_511.wav,O
Enter_116.wav,E
1_57.wav,1
O_112.wav,O
S_208.wav,S
D_58.wav,D
A_326.wav,A
G_205.wav,G
back_75.wav,b
Space_31.wav,S
C_286.wav,C
Space_112.wav,S
Q_97.wav,Q
N_50.wav,N
M_304.wav,M
shift_34.wav,s
T_245.wav,T
V_125.wav,V
T_141.wav,T
N_58.wav,N
J_16.wav,J
Z_81.wav,Z
0_28.wav,0
E_232.wav,E
O_389.wav,O
H_241.wav,H
J_69.wav,J
0_12.wav,0
A_15.wav,A
U_14.wav,U
Y_119.wav,Y
R_35.wav,R
T_366.wav,T
0_99.wav,0
E_16.wav,E
E_40.wav,E
I_162.wav,I
E_13.wav,E
O_323.wav,O
I_17.wav,I
Enter_251.wav,E
Enter_228.wav,E
T_354.wav,T
U_307.wav,U
C_249.wav,C
N_102.wav,N
B_151.wav,B
P_59.wav,P
R_353.wav,R
Z_300.wav,Z
R_277.wav,R
L_156.wav,L
U_149.wav,U
Y_246.wav,Y
R_135.wav,R
L_197.wav,L
shift_92.wav,s
R_73.wav,R
R_232.wav,R
D_85.wav,D
Z_87.wav,Z
Q_181.wav,Q
N_209.wav,N
V_288.wav,V
U_338.wav,U
P_98.wav,P
V_225.wav,V
H_221.wav,H
W_154.wav,W
F_199.wav,F
Space_39.wav,S
Space_226.wav,S
W_12.wav,W
0_21.wav,0
T_54.wav,T
N_128.wav,N
Z_142.wav,Z
T_21.wav,T
U_155.wav,U
D_154.wav,D
back_4.wav,b
O_162.wav,O
A_356.wav,A
O_235.wav,O
V_22.wav,V
T_4.wav,T
M_155.wav,M
H_300.wav,H
T_36.wav,T
0_3.wav,0
R_367.wav,R
P_296.wav,P
Z_206.wav,Z
Y_200.wav,Y
G_124.wav,G
V_258.wav,V
Y_333.wav,Y
O_540.wav,O
X_7.wav,X
N_205.wav,N
Q_268.wav,Q
G_231.wav,G
A_72.wav,A
Z_105.wav,Z
I_351.wav,I
S_238.wav,S
I_363.wav,I
L_263.wav,L
M_68.wav,M
4_66.wav,4
P_93.wav,P
E_240.wav,E
J_129.wav,J
C_191.wav,C
R_187.wav,R
A_75.wav,A
D_30.wav,D
B_201.wav,B
2_10.wav,2
A_311.wav,A
A_80.wav,A
Enter_155.wav,E
F_1.wav,F
5_10.wav,5
K_99.wav,K
O_330.wav,O
Enter_135.wav,E
1_83.wav,1
T_50.wav,T
D_283.wav,D
Enter_44.wav,E
O_535.wav,O
A_144.wav,A
1_85.wav,1
K_12.wav,K
Enter_141.wav,E
5_33.wav,5
V_267.wav,V
N_112.wav,N
E_242.wav,E
K_124.wav,K
C_141.wav,C
I_104.wav,I
I_175.wav,I
Space_200.wav,S
4_17.wav,4
Z_240.wav,Z
W_153.wav,W
O_183.wav,O
Y_329.wav,Y
H_247.wav,H
8_45.wav,8
N_250.wav,N
Q_135.wav,Q
P_354.wav,P
N_258.wav,N
N_268.wav,N
Y_12.wav,Y
I_111.wav,I
V_203.wav,V
H_12.wav,H
A_318.wav,A
X_281.wav,X
W_191.wav,W
F_236.wav,F
1_24.wav,1
D_35.wav,D
O_500.wav,O
F_299.wav,F
S_184.wav,S
X_291.wav,X
1_5.wav,1
O_509.wav,O
F_143.wav,F
7_61.wav,7
S_177.wav,S
P_346.wav,P
Y_115.wav,Y
X_263.wav,X
H_231.wav,H
F_104.wav,F
E_200.wav,E
G_19.wav,G
R_233.wav,R
G_52.wav,G
V_153.wav,V
Enter_221.wav,E
N_60.wav,N
V_154.wav,V
A_139.wav,A
B_185.wav,B
Y_107.wav,Y
Enter_244.wav,E
T_268.wav,T
6_100.wav,6
9_38.wav,9
V_26.wav,V
O_435.wav,O
H_99.wav,H
F_95.wav,F
C_302.wav,C
Q_29.wav,Q
T_183.wav,T
H_295.wav,H
F_152.wav,F
L_135.wav,L
F_20.wav,F
C_157.wav,C
Y_237.wav,Y
M_251.wav,M
L_224.wav,L
1_74.wav,1
T_178.wav,T
L_7.wav,L
T_20.wav,T
E_141.wav,E
N_114.wav,N
Enter_16.wav,E
P_186.wav,P
X_50.wav,X
4_34.wav,4
K_118.wav,K
I_160.wav,I
Enter_152.wav,E
P_65.wav,P
back_37.wav,b
O_524.wav,O
Q_246.wav,Q
J_164.wav,J
0_66.wav,0
A_286.wav,A
N_88.wav,N
O_160.wav,O
H_219.wav,H
9_60.wav,9
J_103.wav,J
T_360.wav,T
D_272.wav,D
Z_290.wav,Z
Y_104.wav,Y
G_114.wav,G
E_223.wav,E
N_148.wav,N
J_233.wav,J
Q_245.wav,Q
K_81.wav,K
P_166.wav,P
L_172.wav,L
C_164.wav,C
K_143.wav,K
B_265.wav,B
W_308.wav,W
T_92.wav,T
Q_321.wav,Q
Z_55.wav,Z
I_79.wav,I
0_71.wav,0
U_165.wav,U
H_168.wav,H
X_45.wav,X
I_48.wav,I
G_269.wav,G
H_80.wav,H
D_199.wav,D
I_290.wav,I
L_216.wav,L
I_194.wav,I
F_17.wav,F
M_246.wav,M
Q_117.wav,Q
P_284.wav,P
L_84.wav,L
O_280.wav,O
Z_71.wav,Z
W_288.wav,W
6_43.wav,6
5_53.wav,5
S_60.wav,S
U_45.wav,U
N_211.wav,N
R_393.wav,R
O_425.wav,O
S_86.wav,S
U_247.wav,U
Space_196.wav,S
C_300.wav,C
4_20.wav,4
M_157.wav,M
P_220.wav,P
H_32.wav,H
A_99.wav,A
shift_39.wav,s
T_356.wav,T
Q_153.wav,Q
V_190.wav,V
Y_272.wav,Y
L_141.wav,L
R_230.wav,R
H_293.wav,H
N_68.wav,N
P_295.wav,P
9_1.wav,9
E_224.wav,E
Enter_124.wav,E
W_258.wav,W
Z_247.wav,Z
Z_101.wav,Z
B_8.wav,B
Q_15.wav,Q
W_54.wav,W
Y_34.wav,Y
8_95.wav,8
Z_243.wav,Z
E_241.wav,E
H_232.wav,H
W_220.wav,W
D_242.wav,D
W_159.wav,W
C_28.wav,C
O_228.wav,O
M_153.wav,M
Z_141.wav,Z
P_260.wav,P
I_319.wav,I
T_350.wav,T
0_67.wav,0
J_236.wav,J
Q_149.wav,Q
S_109.wav,S
R_310.wav,R
G_88.wav,G
X_169.wav,X
F_231.wav,F
1_64.wav,1
R_112.wav,R
G_130.wav,G
M_83.wav,M
N_63.wav,N
J_227.wav,J
M_191.wav,M
O_294.wav,O
H_205.wav,H
A_41.wav,A
X_71.wav,X
D_121.wav,D
N_185.wav,N
S_252.wav,S
back_15.wav,b
M_50.wav,M
G_40.wav,G
V_12.wav,V
W_282.wav,W
Q_115.wav,Q
O_191.wav,O
9_45.wav,9
4_56.wav,4
H_198.wav,H
N_105.wav,N
L_100.wav,L
T_298.wav,T
Y_274.wav,Y
T_290.wav,T
Space_59.wav,S
4_59.wav,4
R_141.wav,R
Enter_54.wav,E
back_64.wav,b
I_199.wav,I
H_53.wav,H
V_240.wav,V
I_78.wav,I
K_42.wav,K
A_274.wav,A
D_229.wav,D
1_91.wav,1
O_437.wav,O
W_10.wav,W
X_110.wav,X
O_503.wav,O
Z_183.wav,Z
M_84.wav,M
X_83.wav,X
Q_290.wav,Q
8_3.wav,8
J_176.wav,J
C_242.wav,C
H_16.wav,H
F_42.wav,F
P_208.wav,P
7_26.wav,7
S_36.wav,S
Q_322.wav,Q
6_96.wav,6
U_197.wav,U
O_121.wav,O
C_58.wav,C
6_62.wav,6
L_115.wav,L
O_76.wav,O
O_30.wav,O
G_3.wav,G
O_279.wav,O
Q_248.wav,Q
P_181.wav,P
Y_169.wav,Y
C_88.wav,C
S_54.wav,S
E_123.wav,E
L_254.wav,L
A_158.wav,A
A_317.wav,A
K_76.wav,K
P_333.wav,P
H_275.wav,H
W_339.wav,W
back_1.wav,b
O_359.wav,O
F_137.wav,F
U_316.wav,U
Q_19.wav,Q
H_227.wav,H
I_272.wav,I
6_69.wav,6
O_405.wav,O
T_59.wav,T
back_62.wav,b
Space_4.wav,S
F_71.wav,F
P_263.wav,P
7_86.wav,7
H_24.wav,H
V_68.wav,V
Q_17.wav,Q
O_226.wav,O
V_149.wav,V
W_76.wav,W
A_126.wav,A
9_32.wav,9
Y_11.wav,Y
5_11.wav,5
I_81.wav,I
J_14.wav,J
G_28.wav,G
W_92.wav,W
Q_92.wav,Q
6_4.wav,6
H_246.wav,H
N_241.wav,N
3_42.wav,3
Z_219.wav,Z
N_216.wav,N
E_248.wav,E
S_52.wav,S
D_180.wav,D
T_111.wav,T
J_193.wav,J
F_188.wav,F
0_77.wav,0
Space_105.wav,S
D_102.wav,D
R_140.wav,R
4_67.wav,4
W_9.wav,W
Enter_108.wav,E
Enter_142.wav,E
G_220.wav,G
W_147.wav,W
F_252.wav,F
T_12.wav,T
O_132.wav,O
8_64.wav,8
N_55.wav,N
H_148.wav,H
C_262.wav,C
Space_263.wav,S
S_73.wav,S
B_50.wav,B
T_331.wav,T
U_121.wav,U
V_75.wav,V
I_349.wav,I
O_512.wav,O
I_101.wav,I
O_133.wav,O
N_160.wav,N
O_130.wav,O
back_97.wav,b
P_341.wav,P
3_26.wav,3
C_173.wav,C
I_117.wav,I
Space_186.wav,S
R_34.wav,R
X_246.wav,X
Space_235.wav,S
A_291.wav,A
J_117.wav,J
L_204.wav,L
O_436.wav,O
M_122.wav,M
Enter_243.wav,E
R_309.wav,R
Y_29.wav,Y
N_190.wav,N
R_376.wav,R
Y_111.wav,Y
X_217.wav,X
I_284.wav,I
L_12.wav,L
9_79.wav,9
V_218.wav,V
shift_41.wav,s
Y_24.wav,Y
L_102.wav,L
shift_86.wav,s
T_201.wav,T
T_327.wav,T
2_36.wav,2
C_186.wav,C
8_57.wav,8
O_128.wav,O
W_165.wav,W
M_72.wav,M
F_144.wav,F
T_191.wav,T
A_183.wav,A
V_76.wav,V
K_100.wav,K
N_107.wav,N
D_112.wav,D
C_137.wav,C
N_77.wav,N
Q_328.wav,Q
G_108.wav,G
W_142.wav,W
T_202.wav,T
O_502.wav,O
D_261.wav,D
S_20.wav,S
H_130.wav,H
K_33.wav,K
back_101.wav,b
6_57.wav,6
I_218.wav,I
T_325.wav,T
A_98.wav,A
B_27.wav,B
O_146.wav,O
F_91.wav,F
P_192.wav,P
T_43.wav,T
L_186.wav,L
P_342.wav,P
I_235.wav,I
5_57.wav,5
4_32.wav,4
I_315.wav,I
V_279.wav,V
shift_18.wav,s
R_31.wav,R
K_122.wav,K
I_282.wav,I
D_84.wav,D
5_45.wav,5
D_139.wav,D
G_109.wav,G
Q_180.wav,Q
O_305.wav,O
V_260.wav,V
T_321.wav,T
Y_324.wav,Y
K_43.wav,K
J_300.wav,J
U_217.wav,U
P_352.wav,P
A_65.wav,A
T_101.wav,T
C_232.wav,C
T_277.wav,T
4_61.wav,4
J_99.wav,J
Enter_204.wav,E
X_19.wav,X
P_16.wav,P
R_390.wav,R
P_347.wav,P
P_199.wav,P
E_155.wav,E
back_3.wav,b
M_20.wav,M
O_401.wav,O
P_133.wav,P
4_49.wav,4
W_102.wav,W
X_274.wav,X
Space_260.wav,S
D_179.wav,D
M_177.wav,M
K_136.wav,K
B_85.wav,B
L_24.wav,L
P_95.wav,P
T_343.wav,T
8_60.wav,8
F_162.wav,F
M_240.wav,M
Q_2.wav,Q
D_165.wav,D
J_175.wav,J
U_48.wav,U
Space_170.wav,S
A_251.wav,A
U_81.wav,U
O_4.wav,O
0_6.wav,0
Y_278.wav,Y
D_301.wav,D
F_298.wav,F
J_159.wav,J
Y_43.wav,Y
I_150.wav,I
P_206.wav,P
E_139.wav,E
J_45.wav,J
V_87.wav,V
N_280.wav,N
O_406.wav,O
M_15.wav,M
D_214.wav,D
shift_83.wav,s
D_174.wav,D
P_158.wav,P
0_53.wav,0
W_78.wav,W
R_385.wav,R
H_50.wav,H
A_279.wav,A
Y_59.wav,Y
Y_242.wav,Y
G_182.wav,G
S_134.wav,S
E_86.wav,E
2_12.wav,2
O_221.wav,O
O_11.wav,O
O_218.wav,O
V_13.wav,V
N_270.wav,N
Y_197.wav,Y
1_32.wav,1
L_41.wav,L
U_96.wav,U
2_11.wav,2
I_288.wav,I
R_330.wav,R
C_308.wav,C
I_137.wav,I
L_259.wav,L
W_107.wav,W
J_173.wav,J
Z_174.wav,Z
Y_230.wav,Y
D_6.wav,D
M_242.wav,M
Space_92.wav,S
T_255.wav,T
Y_231.wav,Y
U_320.wav,U
2_3.wav,2
Y_289.wav,Y
A_215.wav,A
A_272.wav,A
F_241.wav,F
O_28.wav,O
J_75.wav,J
9_39.wav,9
M_82.wav,M
R_33.wav,R
D_122.wav,D
B_20.wav,B
D_55.wav,D
shift_76.wav,s
Y_151.wav,Y
U_324.wav,U
1_14.wav,1
W_25.wav,W
O_14.wav,O
N_35.wav,N
N_94.wav,N
H_142.wav,H
D_233.wav,D
Y_61.wav,Y
A_337.wav,A
L_48.wav,L
I_330.wav,I
F_78.wav,F
S_160.wav,S
B_119.wav,B
J_111.wav,J
O_483.wav,O
P_309.wav,P
U_93.wav,U
O_531.wav,O
E_143.wav,E
W_139.wav,W
M_233.wav,M
F_122.wav,F
O_289.wav,O
O_232.wav,O
Q_10.wav,Q
Y_121.wav,Y
I_6.wav,I
P_100.wav,P
Z_68.wav,Z
N_192.wav,N
O_332.wav,O
Q_141.wav,Q
V_136.wav,V
V_45.wav,V
X_86.wav,X
V_20.wav,V
W_161.wav,W
7_78.wav,7
H_238.wav,H
D_286.wav,D
W_87.wav,W
L_133.wav,L
L_268.wav,L
C_7.wav,C
Z_86.wav,Z
J_242.wav,J
X_153.wav,X
1_4.wav,1
Y_31.wav,Y
D_186.wav,D
D_65.wav,D
R_70.wav,R
O_17.wav,O
G_47.wav,G
S_166.wav,S
P_209.wav,P
L_63.wav,L
O_464.wav,O
Y_271.wav,Y
O_147.wav,O
Q_60.wav,Q
F_7.wav,F
Z_148.wav,Z
O_417.wav,O
M_262.wav,M
F_240.wav,F
C_221.wav,C
U_284.wav,U
9_43.wav,9
T_90.wav,T
Q_317.wav,Q
Enter_56.wav,E
M_278.wav,M
R_41.wav,R
G_106.wav,G
R_337.wav,R
B_253.wav,B
4_30.wav,4
S_251.wav,S
Space_11.wav,S
B_95.wav,B
back_13.wav,b
M_288.wav,M
X_60.wav,X
Z_175.wav,Z
E_46.wav,E
Enter_217.wav,E
D_80.wav,D
J_50.wav,J
G_154.wav,G
T_51.wav,T
E_243.wav,E
Enter_178.wav,E
H_266.wav,H
R_391.wav,R
D_9.wav,D
1_101.wav,1
Y_211.wav,Y
5_17.wav,5
N_203.wav,N
M_108.wav,M
Enter_24.wav,E
Q_249.wav,Q
V_221.wav,V
S_32.wav,S
Y_129.wav,Y
9_4.wav,9
M_185.wav,M
Z_33.wav,Z
Y_116.wav,Y
P_23.wav,P
N_245.wav,N
D_182.wav,D
0_65.wav,0
I_177.wav,I
N_82.wav,N
E_249.wav,E
M_22.wav,M
4_11.wav,4
O_88.wav,O
F_119.wav,F
Q_61.wav,Q
V_53.wav,V
Y_305.wav,Y
L_22.wav,L
G_172.wav,G
8_78.wav,8
J_59.wav,J
T_145.wav,T
C_31.wav,C
9_15.wav,9
8_28.wav,8
D_128.wav,D
A_351.wav,A
G_31.wav,G
Y_98.wav,Y
N_98.wav,N
R_26.wav,R
Space_167.wav,S
H_263.wav,H
B_146.wav,B
O_127.wav,O
Enter_235.wav,E
B_110.wav,B
L_143.wav,L
X_31.wav,X
B_205.wav,B
E_179.wav,E
C_251.wav,C
V_48.wav,V
L_25.wav,L
A_179.wav,A
R_190.wav,R
J_167.wav,J
U_180.wav,U
F_272.wav,F
Z_159.wav,Z
B_72.wav,B
Y_330.wav,Y
M_232.wav,M
H_208.wav,H
A_199.wav,A
D_271.wav,D
T_94.wav,T
Space_149.wav,S
C_182.wav,C
H_114.wav,H
V_192.wav,V
5_49.wav,5
5_71.wav,5
R_369.wav,R
U_160.wav,U
I_227.wav,I
back_42.wav,b
O_310.wav,O
Q_209.wav,Q
E_49.wav,E
C_161.wav,C
O_101.wav,O
G_1.wav,G
Enter_219.wav,E
Enter_51.wav,E
T_336.wav,T
N_259.wav,N
R_95.wav,R
G_261.wav,G
S_234.wav,S
S_175.wav,S
I_2.wav,I
D_293.wav,D
A_218.wav,A
Z_288.wav,Z
L_33.wav,L
Y_37.wav,Y
E_84.wav,E
B_94.wav,B
Enter_205.wav,E
2_15.wav,2
8_93.wav,8
A_268.wav,A
1_25.wav,1
S_141.wav,S
Space_163.wav,S
U_87.wav,U
J_40.wav,J
H_179.wav,H
D_294.wav,D
O_12.wav,O
back_94.wav,b
G_13.wav,G
O_458.wav,O
back_51.wav,b
Z_239.wav,Z
H_18.wav,H
J_114.wav,J
S_89.wav,S
I_95.wav,I
U_83.wav,U
8_72.wav,8
U_186.wav,U
T_203.wav,T
G_273.wav,G
0_49.wav,0
Z_139.wav,Z
G_147.wav,G
O_149.wav,O
V_238.wav,V
P_311.wav,P
T_352.wav,T
T_304.wav,T
P_28.wav,P
R_383.wav,R
J_137.wav,J
Q_252.wav,Q
back_2.wav,b
A_167.wav,A
T_91.wav,T
Z_137.wav,Z
E_92.wav,E
E_182.wav,E
L_280.wav,L
U_94.wav,U
O_283.wav,O
G_83.wav,G
P_140.wav,P
P_135.wav,P
I_10.wav,I
Enter_250.wav,E
N_231.wav,N
B_170.wav,B
D_237.wav,D
H_106.wav,H
F_269.wav,F
L_205.wav,L
Space_16.wav,S
6_33.wav,6
Q_87.wav,Q
F_121.wav,F
F_204.wav,F
G_115.wav,G
A_331.wav,A
D_69.wav,D
E_54.wav,E
J_219.wav,J
O_209.wav,O
P_235.wav,P
R_21.wav,R
Space_214.wav,S
U_33.wav,U
V_242.wav,V
U_106.wav,U
V_105.wav,V
Z_80.wav,Z
D_257.wav,D
I_73.wav,I
H_145.wav,H
R_173.wav,R
7_76.wav,7
X_295.wav,X
E_59.wav,E
K_140.wav,K
N_159.wav,N
B_241.wav,B
K_66.wav,K
T_24.wav,T
V_264.wav,V
G_59.wav,G
P_321.wav,P
B_196.wav,B
U_43.wav,U
A_346.wav,A
H_89.wav,H
X_176.wav,X
A_1.wav,A
P_112.wav,P
V_236.wav,V
D_142.wav,D
Y_340.wav,Y
Y_33.wav,Y
O_285.wav,O
Z_60.wav,Z
C_172.wav,C
S_126.wav,S
Z_112.wav,Z
C_107.wav,C
K_78.wav,K
J_12.wav,J
G_175.wav,G
X_67.wav,X
Z_170.wav,Z
R_371.wav,R
A_344.wav,A
T_139.wav,T
C_77.wav,C
V_52.wav,V
Y_100.wav,Y
O_69.wav,O
O_212.wav,O
R_280.wav,R
C_215.wav,C
U_7.wav,U
D_83.wav,D
Space_66.wav,S
D_193.wav,D
V_118.wav,V
Y_186.wav,Y
C_24.wav,C
P_118.wav,P
back_61.wav,b
7_69.wav,7
Space_13.wav,S
Space_18.wav,S
Enter_109.wav,E
S_259.wav,S
U_265.wav,U
N_260.wav,N
Enter_185.wav,E
R_397.wav,R
X_81.wav,X
Enter_2.wav,E
Z_242.wav,Z
Enter_29.wav,E
K_105.wav,K
O_63.wav,O
I_121.wav,I
O_478.wav,O
H_44.wav,H
T_207.wav,T
Y_315.wav,Y
R_291.wav,R
R_65.wav,R
I_318.wav,I
R_174.wav,R
T_19.wav,T
2_2.wav,2
Space_78.wav,S
B_208.wav,B
U_4.wav,U
Q_147.wav,Q
S_45.wav,S
G_266.wav,G
D_67.wav,D
Space_173.wav,S
G_218.wav,G
Y_23.wav,Y
N_161.wav,N
V_57.wav,V
T_63.wav,T
E_93.wav,E
J_260.wav,J
Space_254.wav,S
I_339.wav,I
O_83.wav,O
J_184.wav,J
R_388.wav,R
Y_157.wav,Y
G_203.wav,G
B_171.wav,B
H_64.wav,H
H_84.wav,H
6_18.wav,6
G_148.wav,G
Q_254.wav,Q
H_116.wav,H
D_224.wav,D
N_151.wav,N
C_175.wav,C
V_51.wav,V
U_129.wav,U
Z_270.wav,Z
J_238.wav,J
O_171.wav,O
K_145.wav,K
O_230.wav,O
6_91.wav,6
Z_249.wav,Z
Space_82.wav,S
J_144.wav,J
L_27.wav,L
V_29.wav,V
X_43.wav,X
R_311.wav,R
T_213.wav,T
I_336.wav,I
J_31.wav,J
J_291.wav,J
X_266.wav,X
U_103.wav,U
C_140.wav,C
Q_70.wav,Q
Space_56.wav,S
B_56.wav,B
K_4.wav,K
Y_173.wav,Y
V_96.wav,V
A_324.wav,A
Y_277.wav,Y
A_275.wav,A
J_107.wav,J
Space_97.wav,S
1_82.wav,1
J_101.wav,J
A_66.wav,A
9_82.wav,9
O_206.wav,O
A_269.wav,A
H_131.wav,H
N_271.wav,N
T_48.wav,T
H_122.wav,H
B_12.wav,B
U_286.wav,U
G_193.wav,G
L_89.wav,L
O_522.wav,O
Z_257.wav,Z
Enter_213.wav,E
B_88.wav,B
6_34.wav,6
Q_12.wav,Q
A_197.wav,A
I_97.wav,I
B_246.wav,B
U_331.wav,U
U_117.wav,U
S_152.wav,S
C_269.wav,C
V_151.wav,V
C_174.wav,C
9_55.wav,9
Q_144.wav,Q
O_528.wav,O
Y_252.wav,Y
C_204.wav,C
H_290.wav,H
Q_203.wav,Q
O_9.wav,O
N_155.wav,N
E_70.wav,E
S_66.wav,S
J_217.wav,J
U_321.wav,U
B_279.wav,B
Z_224.wav,Z
N_99.wav,N
Q_308.wav,Q
J_86.wav,J
I_273.wav,I
G_20.wav,G
G_75.wav,G
Q_42.wav,Q
J_100.wav,J
A_304.wav,A
Y_10.wav,Y
O_529.wav,O
Y_150.wav,Y
S_217.wav,S
C_14.wav,C
K_65.wav,K
L_60.wav,L
I_255.wav,I
Enter_164.wav,E
Q_177.wav,Q
S_161.wav,S
Q_227.wav,Q
A_306.wav,A
S_70.wav,S
7_65.wav,7
J_64.wav,J
Y_238.wav,Y
J_261.wav,J
A_177.wav,A
A_71.wav,A
A_116.wav,A
C_245.wav,C
R_154.wav,R
L_73.wav,L
I_75.wav,I
R_64.wav,R
N_207.wav,N
L_188.wav,L
Enter_5.wav,E
B_277.wav,B
X_236.wav,X
S_46.wav,S
X_179.wav,X
G_46.wav,G
L_174.wav,L
7_79.wav,7
2_26.wav,2
R_171.wav,R
L_278.wav,L
G_112.wav,G
V_173.wav,V
S_58.wav,S
B_230.wav,B
Y_42.wav,Y
S_256.wav,S
R_50.wav,R
X_248.wav,X
J_151.wav,J
N_9.wav,N
8_79.wav,8
J_85.wav,J
C_267.wav,C
J_71.wav,J
H_65.wav,H
T_247.wav,T
Enter_59.wav,E
I_245.wav,I
B_81.wav,B
Q_138.wav,Q
Q_231.wav,Q
B_235.wav,B
U_201.wav,U
N_123.wav,N
I_314.wav,I
X_133.wav,X
E_105.wav,E
Y_222.wav,Y
6_74.wav,6
H_240.wav,H
H_202.wav,H
L_145.wav,L
N_136.wav,N
R_179.wav,R
R_268.wav,R
T_259.wav,T
Y_3.wav,Y
N_193.wav,N
U_126.wav,U
Y_142.wav,Y
B_263.wav,B
T_87.wav,T
C_203.wav,C
X_47.wav,X
T_27.wav,T
Q_259.wav,Q
Enter_94.wav,E
X_12.wav,X
E_247.wav,E
R_104.wav,R
Y_2.wav,Y
B_100.wav,B
T_212.wav,T
9_73.wav,9
T_254.wav,T
G_116.wav,G
U_26.wav,U
R_42.wav,R
B_66.wav,B
U_181.wav,U
E_144.wav,E
9_81.wav,9
B_270.wav,B
B_15.wav,B
R_123.wav,R
E_44.wav,E
E_206.wav,E
R_250.wav,R
C_152.wav,C
B_207.wav,B
C_99.wav,C
U_75.wav,U
8_1.wav,8
C_76.wav,C
R_71.wav,R
T_211.wav,T
T_341.wav,T
6_52.wav,6
T_162.wav,T
T_225.wav,T
C_79.wav,C
R_72.wav,R
Q_13.wav,Q
Enter_101.wav,E
E_222.wav,E
G_230.wav,G
Q_24.wav,Q
Q_240.wav,Q
C_9.wav,C
Q_84.wav,Q
U_332.wav,U
T_229.wav,T
E_161.wav,E
Y_154.wav,Y
E_129.wav,E
T_310.wav,T
T_289.wav,T
7_23.wav,7
8_38.wav,8
T_181.wav,T
2_34.wav,2
R_162.wav,R
7_1.wav,7
R_228.wav,R
R_296.wav,R
Y_138.wav,Y
R_278.wav,R
8_15.wav,8
Y_19.wav,Y
R_313.wav,R
Y_259.wav,Y
Y_316.wav,Y
6_79.wav,6
8_59.wav,8
7_22.wav,7
7_19.wav,7
